X--Trace 1::[A + B],Y--Trace 1::[A + B]
0,0
1e-011,0.05
1.63387e-011,0.0816933
2.9016e-011,0.14508
5.43706e-011,0.271853
9.9663e-011,0.498315
1.90248e-010,0.951239
3.71417e-010,1.85709
7.33757e-010,3.66878
1e-009,5
1.07247e-009,5
1.2174e-009,5
1.50728e-009,5
2.08702e-009,5
3.2465e-009,5
5.56548e-009,5
1.02034e-008,5
1.1e-008,5
1.11e-008,4.5
1.13e-008,3.5
1.17e-008,1.5
1.2e-008,0
1.208e-008,0
1.224e-008,0
1.256e-008,0
1.32e-008,0
1.448e-008,0
1.704e-008,0
2.216e-008,0
3.24e-008,0
5.288e-008,0
9.288e-008,0
1.3288e-007,0
1.7288e-007,0
2.1288e-007,0
2.5288e-007,0
2.9288e-007,0
3.3288e-007,0
3.7288e-007,0
4.1288e-007,0
4.5288e-007,0
4.9288e-007,0
5.3288e-007,0
5.7288e-007,0
6.1288e-007,0
6.5288e-007,0
6.9288e-007,0
7.3288e-007,0
7.7288e-007,0
8.1288e-007,0
8.5288e-007,0
8.9288e-007,0
9.3288e-007,0
9.7288e-007,0
1e-006,0
1.0001e-006,0.5
1.0003e-006,1.5
1.0007e-006,3.5
1.001e-006,5
1.00105e-006,5
1.00115e-006,5
1.00136e-006,5
1.00177e-006,5
1.00259e-006,5
1.00423e-006,5
1.00752e-006,5
1.011e-006,5
1.0111e-006,4.5
1.0113e-006,3.5
1.0117e-006,1.5
1.012e-006,0
1.01208e-006,0
1.01224e-006,0
1.01256e-006,0
1.0132e-006,0
1.01448e-006,0
1.01704e-006,0
1.02216e-006,0
1.0324e-006,0
1.05288e-006,0
1.09288e-006,0
1.13288e-006,0
1.17288e-006,0
1.21288e-006,0
1.25288e-006,0
1.29288e-006,0
1.33288e-006,0
1.37288e-006,0
1.41288e-006,0
1.45288e-006,0
1.49288e-006,0
1.53288e-006,0
1.57288e-006,0
1.61288e-006,0
1.65288e-006,0
1.69288e-006,0
1.73288e-006,0
1.77288e-006,0
1.81288e-006,0
1.85288e-006,0
1.89288e-006,0
1.93288e-006,0
1.97288e-006,0
2e-006,0
2.0001e-006,0.5
2.0003e-006,1.5
2.0007e-006,3.5
2.001e-006,5
2.00105e-006,5
2.00115e-006,5
2.00136e-006,5
2.00177e-006,5
2.00259e-006,5
2.00423e-006,5
2.00752e-006,5
2.011e-006,5
2.0111e-006,4.5
2.0113e-006,3.5
2.0117e-006,1.5
2.012e-006,0
2.01208e-006,0
2.01224e-006,0
2.01256e-006,0
2.0132e-006,0
2.01448e-006,0
2.01704e-006,0
2.02216e-006,0
2.0324e-006,0
2.05288e-006,0
2.09288e-006,0
2.13288e-006,0
2.17288e-006,0
2.21288e-006,0
2.25288e-006,0
2.29288e-006,0
2.33288e-006,0
2.37288e-006,0
2.41288e-006,0
2.45288e-006,0
2.49288e-006,0
2.53288e-006,0
2.57288e-006,0
2.61288e-006,0
2.65288e-006,0
2.69288e-006,0
2.73288e-006,0
2.77288e-006,0
2.81288e-006,0
2.85288e-006,0
2.89288e-006,0
2.93288e-006,0
2.97288e-006,0
3e-006,0
3.0001e-006,0.5
3.0003e-006,1.5
3.0007e-006,3.5
3.001e-006,5
3.00105e-006,5
3.00116e-006,5
3.00137e-006,5
3.00178e-006,5
3.00262e-006,5
3.00429e-006,5
3.00762e-006,5
3.011e-006,5
3.0111e-006,4.5
3.0113e-006,3.5
3.0117e-006,1.5
3.012e-006,0
3.01208e-006,0
3.01224e-006,0
3.01256e-006,0
3.0132e-006,0
3.01448e-006,0
3.01704e-006,0
3.02216e-006,0
3.0324e-006,0
3.05288e-006,0
3.09288e-006,0
3.13288e-006,0
3.17288e-006,0
3.21288e-006,0
3.25288e-006,0
3.29288e-006,0
3.33288e-006,0
3.37288e-006,0
3.41288e-006,0
3.45288e-006,0
3.49288e-006,0
3.53288e-006,0
3.57288e-006,0
3.61288e-006,0
3.65288e-006,0
3.69288e-006,0
3.73288e-006,0
3.77288e-006,0
3.81288e-006,0
3.85288e-006,0
3.89288e-006,0
3.93288e-006,0
3.97288e-006,0
4e-006,0
4.0001e-006,0.5
4.0003e-006,1.5
4.0007e-006,3.5
4.001e-006,5
4.00105e-006,5
4.00116e-006,5
4.00137e-006,5
4.00179e-006,5
4.00263e-006,5
4.00431e-006,5
4.00767e-006,5
4.011e-006,5
4.0111e-006,4.5
4.0113e-006,3.5
4.0117e-006,1.5
4.012e-006,0
4.01208e-006,0
4.01224e-006,0
4.01256e-006,0
4.0132e-006,0
4.01448e-006,0
4.01704e-006,0
4.02216e-006,0
4.0324e-006,0
4.05288e-006,0
4.09288e-006,0
4.13288e-006,0
4.17288e-006,0
4.21288e-006,0
4.25288e-006,0
4.29288e-006,0
4.33288e-006,0
4.37288e-006,0
4.41288e-006,0
4.45288e-006,0
4.49288e-006,0
4.53288e-006,0
4.57288e-006,0
4.61288e-006,0
4.65288e-006,0
4.69288e-006,0
4.73288e-006,0
4.77288e-006,0
4.81288e-006,0
4.85288e-006,0
4.89288e-006,0
4.93288e-006,0
4.97288e-006,0
5e-006,0
5.0001e-006,0.5
5.0003e-006,1.5
5.0007e-006,3.5
5.001e-006,5
5.00105e-006,5
5.00116e-006,5
5.00137e-006,5
5.00179e-006,5
5.00263e-006,5
5.00432e-006,5
5.00769e-006,5
5.011e-006,5
5.0111e-006,4.5
5.0113e-006,3.5
5.0117e-006,1.5
5.012e-006,0
5.01208e-006,0
5.01224e-006,0
5.01256e-006,0
5.0132e-006,0
5.01448e-006,0
5.01704e-006,0
5.02216e-006,0
5.0324e-006,0
5.05288e-006,0
5.09288e-006,0
5.13288e-006,0
5.17288e-006,0
5.21288e-006,0
5.25288e-006,0
5.29288e-006,0
5.33288e-006,0
5.37288e-006,0
5.41288e-006,0
5.45288e-006,0
5.49288e-006,0
5.53288e-006,0
5.57288e-006,0
5.61288e-006,0
5.65288e-006,0
5.69288e-006,0
5.73288e-006,0
5.77288e-006,0
5.81288e-006,0
5.85288e-006,0
5.89288e-006,0
5.93288e-006,0
5.97288e-006,0
6e-006,0
6.0001e-006,0.5
6.0003e-006,1.5
6.0007e-006,3.5
6.001e-006,5
6.00105e-006,5
6.00116e-006,5
6.00137e-006,5
6.00179e-006,5
6.00263e-006,5
6.00432e-006,5
6.00769e-006,5
6.011e-006,5
6.0111e-006,4.5
6.0113e-006,3.5
6.0117e-006,1.5
6.012e-006,0
6.01208e-006,0
6.01224e-006,0
6.01256e-006,0
6.0132e-006,0
6.01448e-006,0
6.01704e-006,0
6.02216e-006,0
6.0324e-006,0
6.05288e-006,0
6.09288e-006,0
6.13288e-006,0
6.17288e-006,0
6.21288e-006,0
6.25288e-006,0
6.29288e-006,0
6.33288e-006,0
6.37288e-006,0
6.41288e-006,0
6.45288e-006,0
6.49288e-006,0
6.53288e-006,0
6.57288e-006,0
6.61288e-006,0
6.65288e-006,0
6.69288e-006,0
6.73288e-006,0
6.77288e-006,0
6.81288e-006,0
6.85288e-006,0
6.89288e-006,0
6.93288e-006,0
6.97288e-006,0
7e-006,0
7.0001e-006,0.5
7.0003e-006,1.5
7.0007e-006,3.5
7.001e-006,5
7.00105e-006,5
7.00116e-006,5
7.00137e-006,5
7.00179e-006,5
7.00263e-006,5
7.00432e-006,5
7.00769e-006,5
7.011e-006,5
7.0111e-006,4.5
7.0113e-006,3.5
7.0117e-006,1.5
7.012e-006,0
7.01208e-006,0
7.01224e-006,0
7.01256e-006,0
7.0132e-006,0
7.01448e-006,0
7.01704e-006,0
7.02216e-006,0
7.0324e-006,0
7.05288e-006,0
7.09288e-006,0
7.13288e-006,0
7.17288e-006,0
7.21288e-006,0
7.25288e-006,0
7.29288e-006,0
7.33288e-006,0
7.37288e-006,0
7.41288e-006,0
7.45288e-006,0
7.49288e-006,0
7.53288e-006,0
7.57288e-006,0
7.61288e-006,0
7.65288e-006,0
7.69288e-006,0
7.73288e-006,0
7.77288e-006,0
7.81288e-006,0
7.85288e-006,0
7.89288e-006,0
7.93288e-006,0
7.97288e-006,0
8e-006,0
8.0001e-006,0.5
8.0003e-006,1.5
8.0007e-006,3.5
8.001e-006,5
8.00105e-006,5
8.00116e-006,5
8.00137e-006,5
8.00179e-006,5
8.00263e-006,5
8.00432e-006,5
8.00769e-006,5
8.011e-006,5
8.0111e-006,4.5
8.0113e-006,3.5
8.0117e-006,1.5
8.012e-006,3.96749e-012
8.01208e-006,0
8.01224e-006,0
8.01256e-006,0
8.0132e-006,0
8.01448e-006,0
8.01704e-006,0
8.02216e-006,0
8.0324e-006,0
8.05288e-006,0
8.09288e-006,0
8.13288e-006,0
8.17288e-006,0
8.21288e-006,0
8.25288e-006,0
8.29288e-006,0
8.33288e-006,0
8.37288e-006,0
8.41288e-006,0
8.45288e-006,0
8.49288e-006,0
8.53288e-006,0
8.57288e-006,0
8.61288e-006,0
8.65288e-006,0
8.69288e-006,0
8.73288e-006,0
8.77288e-006,0
8.81288e-006,0
8.85288e-006,0
8.89288e-006,0
8.93288e-006,0
8.97288e-006,0
9e-006,0
9.0001e-006,0.5
9.0003e-006,1.5
9.0007e-006,3.5
9.001e-006,5
9.00105e-006,5
9.00116e-006,5
9.00137e-006,5
9.00179e-006,5
9.00263e-006,5
9.00432e-006,5
9.00769e-006,5
9.011e-006,5
9.0111e-006,4.5
9.0113e-006,3.5
9.0117e-006,1.5
9.012e-006,3.96749e-012
9.01208e-006,0
9.01224e-006,0
9.01256e-006,0
9.0132e-006,0
9.01448e-006,0
9.01704e-006,0
9.02216e-006,0
9.0324e-006,0
9.05288e-006,0
9.09288e-006,0
9.13288e-006,0
9.17288e-006,0
9.21288e-006,0
9.25288e-006,0
9.29288e-006,0
9.33288e-006,0
9.37288e-006,0
9.41288e-006,0
9.45288e-006,0
9.49288e-006,0
9.53288e-006,0
9.57288e-006,0
9.61288e-006,0
9.65288e-006,0
9.69288e-006,0
9.73288e-006,0
9.77288e-006,0
9.81288e-006,0
9.85288e-006,0
9.89288e-006,0
9.93288e-006,0
9.97288e-006,0
1e-005,8.47033e-012
1.00001e-005,0.5
1.00003e-005,1.5
1.00007e-005,3.5
1.0001e-005,5
1.00011e-005,5
1.00012e-005,5
1.00014e-005,5
1.00018e-005,5
1.00026e-005,5
1.00043e-005,5
1.00077e-005,5
1.0011e-005,5
1.00111e-005,4.5
1.00113e-005,3.5
1.00117e-005,1.5
1.0012e-005,3.96749e-012
1.00121e-005,0
1.00122e-005,0
1.00126e-005,0
1.00132e-005,0
1.00145e-005,0
1.0017e-005,0
1.00222e-005,0
1.00324e-005,0
1.00529e-005,0
1.00929e-005,0
1.01329e-005,0
1.01729e-005,0
1.02129e-005,0
1.02529e-005,0
1.02929e-005,0
1.03329e-005,0
1.03729e-005,0
1.04129e-005,0
1.04529e-005,0
1.04929e-005,0
1.05329e-005,0
1.05729e-005,0
1.06129e-005,0
1.06529e-005,0
1.06929e-005,0
1.07329e-005,0
1.07729e-005,0
1.08129e-005,0
1.08529e-005,0
1.08929e-005,0
1.09329e-005,0
1.09729e-005,0
1.1e-005,0
1.10001e-005,0.5
1.10003e-005,1.5
1.10007e-005,3.5
1.1001e-005,5
1.10011e-005,5
1.10012e-005,5
1.10014e-005,5
1.10018e-005,5
1.10026e-005,5
1.10043e-005,5
1.10077e-005,5
1.1011e-005,5
1.10111e-005,4.5
1.10113e-005,3.5
1.10117e-005,1.5
1.1012e-005,3.96749e-012
1.10121e-005,0
1.10122e-005,0
1.10126e-005,0
1.10132e-005,0
1.10145e-005,0
1.1017e-005,0
1.10222e-005,0
1.10324e-005,0
1.10529e-005,0
1.10929e-005,0
1.11329e-005,0
1.11729e-005,0
1.12129e-005,0
1.12529e-005,0
1.12929e-005,0
1.13329e-005,0
1.13729e-005,0
1.14129e-005,0
1.14529e-005,0
1.14929e-005,0
1.15329e-005,0
1.15729e-005,0
1.16129e-005,0
1.16529e-005,0
1.16929e-005,0
1.17329e-005,0
1.17729e-005,0
1.18129e-005,0
1.18529e-005,0
1.18929e-005,0
1.19329e-005,0
1.19729e-005,0
1.2e-005,0
1.20001e-005,0.5
1.20003e-005,1.5
1.20007e-005,3.5
1.2001e-005,5
1.20011e-005,5
1.20012e-005,5
1.20014e-005,5
1.20018e-005,5
1.20026e-005,5
1.20043e-005,5
1.20077e-005,5
1.2011e-005,5
1.20111e-005,4.5
1.20113e-005,3.5
1.20117e-005,1.5
1.2012e-005,3.96749e-012
1.20121e-005,0
1.20122e-005,0
1.20126e-005,0
1.20132e-005,0
1.20145e-005,0
1.2017e-005,0
1.20222e-005,0
1.20324e-005,0
1.20529e-005,0
1.20929e-005,0
1.21329e-005,0
1.21729e-005,0
1.22129e-005,0
1.22529e-005,0
1.22929e-005,0
1.23329e-005,0
1.23729e-005,0
1.24129e-005,0
1.24529e-005,0
1.24929e-005,0
1.25329e-005,0
1.25729e-005,0
1.26129e-005,0
1.26529e-005,0
1.26929e-005,0
1.27329e-005,0
1.27729e-005,0
1.28129e-005,0
1.28529e-005,0
1.28929e-005,0
1.29329e-005,0
1.29729e-005,0
1.3e-005,8.47033e-012
1.30001e-005,0.5
1.30003e-005,1.5
1.30007e-005,3.5
1.3001e-005,5
1.30011e-005,5
1.30012e-005,5
1.30014e-005,5
1.30018e-005,5
1.30026e-005,5
1.30043e-005,5
1.30077e-005,5
1.3011e-005,5
1.30111e-005,4.5
1.30113e-005,3.5
1.30117e-005,1.5
1.3012e-005,3.96749e-012
1.30121e-005,0
1.30122e-005,0
1.30126e-005,0
1.30132e-005,0
1.30145e-005,0
1.3017e-005,0
1.30222e-005,0
1.30324e-005,0
1.30529e-005,0
1.30929e-005,0
1.31329e-005,0
1.31729e-005,0
1.32129e-005,0
1.32529e-005,0
1.32929e-005,0
1.33329e-005,0
1.33729e-005,0
1.34129e-005,0
1.34529e-005,0
1.34929e-005,0
1.35329e-005,0
1.35729e-005,0
1.36129e-005,0
1.36529e-005,0
1.36929e-005,0
1.37329e-005,0
1.37729e-005,0
1.38129e-005,0
1.38529e-005,0
1.38929e-005,0
1.39329e-005,0
1.39729e-005,0
1.4e-005,0
1.40001e-005,0.5
1.40003e-005,1.5
1.40007e-005,3.5
1.4001e-005,5
1.40011e-005,5
1.40012e-005,5
1.40014e-005,5
1.40018e-005,5
1.40026e-005,5
1.40043e-005,5
1.40077e-005,5
1.4011e-005,5
1.40111e-005,4.5
1.40113e-005,3.5
1.40117e-005,1.5
1.4012e-005,3.96749e-012
1.40121e-005,0
1.40122e-005,0
1.40126e-005,0
1.40132e-005,0
1.40145e-005,0
1.4017e-005,0
1.40222e-005,0
1.40324e-005,0
1.40529e-005,0
1.40929e-005,0
1.41329e-005,0
1.41729e-005,0
1.42129e-005,0
1.42529e-005,0
1.42929e-005,0
1.43329e-005,0
1.43729e-005,0
1.44129e-005,0
1.44529e-005,0
1.44929e-005,0
1.45329e-005,0
1.45729e-005,0
1.46129e-005,0
1.46529e-005,0
1.46929e-005,0
1.47329e-005,0
1.47729e-005,0
1.48129e-005,0
1.48529e-005,0
1.48929e-005,0
1.49329e-005,0
1.49729e-005,0
1.5e-005,8.47033e-012
1.50001e-005,0.5
1.50003e-005,1.5
1.50007e-005,3.5
1.5001e-005,5
1.50011e-005,5
1.50012e-005,5
1.50014e-005,5
1.50018e-005,5
1.50026e-005,5
1.50043e-005,5
1.50077e-005,5
1.5011e-005,5
1.50111e-005,4.5
1.50113e-005,3.5
1.50117e-005,1.5
1.5012e-005,3.96749e-012
1.50121e-005,0
1.50122e-005,0
1.50126e-005,0
1.50132e-005,0
1.50145e-005,0
1.5017e-005,0
1.50222e-005,0
1.50324e-005,0
1.50529e-005,0
1.50929e-005,0
1.51329e-005,0
1.51729e-005,0
1.52129e-005,0
1.52529e-005,0
1.52929e-005,0
1.53329e-005,0
1.53729e-005,0
1.54129e-005,0
1.54529e-005,0
1.54929e-005,0
1.55329e-005,0
1.55729e-005,0
1.56129e-005,0
1.56529e-005,0
1.56929e-005,0
1.57329e-005,0
1.57729e-005,0
1.58129e-005,0
1.58529e-005,0
1.58929e-005,0
1.59329e-005,0
1.59729e-005,0
1.6e-005,0
1.60001e-005,0.5
1.60003e-005,1.5
1.60007e-005,3.5
1.6001e-005,5
1.60011e-005,5
1.60012e-005,5
1.60014e-005,5
1.60018e-005,5
1.60026e-005,5
1.60043e-005,5
1.60077e-005,5
1.6011e-005,5
1.60111e-005,4.5
1.60113e-005,3.5
1.60117e-005,1.5
1.6012e-005,3.96749e-012
1.60121e-005,0
1.60122e-005,0
1.60126e-005,0
1.60132e-005,0
1.60145e-005,0
1.6017e-005,0
1.60222e-005,0
1.60324e-005,0
1.60529e-005,0
1.60929e-005,0
1.61329e-005,0
1.61729e-005,0
1.62129e-005,0
1.62529e-005,0
1.62929e-005,0
1.63329e-005,0
1.63729e-005,0
1.64129e-005,0
1.64529e-005,0
1.64929e-005,0
1.65329e-005,0
1.65729e-005,0
1.66129e-005,0
1.66529e-005,0
1.66929e-005,0
1.67329e-005,0
1.67729e-005,0
1.68129e-005,0
1.68529e-005,0
1.68929e-005,0
1.69329e-005,0
1.69729e-005,0
1.7e-005,0
1.70001e-005,0.5
1.70003e-005,1.5
1.70007e-005,3.5
1.7001e-005,5
1.70011e-005,5
1.70012e-005,5
1.70014e-005,5
1.70018e-005,5
1.70026e-005,5
1.70043e-005,5
1.70077e-005,5
1.7011e-005,5
1.70111e-005,4.5
1.70113e-005,3.5
1.70117e-005,1.5
1.7012e-005,3.96749e-012
1.70121e-005,0
1.70122e-005,0
1.70126e-005,0
1.70132e-005,0
1.70145e-005,0
1.7017e-005,0
1.70222e-005,0
1.70324e-005,0
1.70529e-005,0
1.70929e-005,0
1.71329e-005,0
1.71729e-005,0
1.72129e-005,0
1.72529e-005,0
1.72929e-005,0
1.73329e-005,0
1.73729e-005,0
1.74129e-005,0
1.74529e-005,0
1.74929e-005,0
1.75329e-005,0
1.75729e-005,0
1.76129e-005,0
1.76529e-005,0
1.76929e-005,0
1.77329e-005,0
1.77729e-005,0
1.78129e-005,0
1.78529e-005,0
1.78929e-005,0
1.79329e-005,0
1.79729e-005,0
1.8e-005,0
1.80001e-005,0.5
1.80003e-005,1.5
1.80007e-005,3.5
1.8001e-005,5
1.80011e-005,5
1.80012e-005,5
1.80014e-005,5
1.80018e-005,5
1.80026e-005,5
1.80043e-005,5
1.80077e-005,5
1.8011e-005,5
1.80111e-005,4.5
1.80113e-005,3.5
1.80117e-005,1.5
1.8012e-005,3.96749e-012
1.80121e-005,0
1.80122e-005,0
1.80126e-005,0
1.80132e-005,0
1.80145e-005,0
1.8017e-005,0
1.80222e-005,0
1.80324e-005,0
1.80529e-005,0
1.80929e-005,0
1.81329e-005,0
1.81729e-005,0
1.82129e-005,0
1.82529e-005,0
1.82929e-005,0
1.83329e-005,0
1.83729e-005,0
1.84129e-005,0
1.84529e-005,0
1.84929e-005,0
1.85329e-005,0
1.85729e-005,0
1.86129e-005,0
1.86529e-005,0
1.86929e-005,0
1.87329e-005,0
1.87729e-005,0
1.88129e-005,0
1.88529e-005,0
1.88929e-005,0
1.89329e-005,0
1.89729e-005,0
1.9e-005,1.69407e-011
1.90001e-005,0.5
1.90003e-005,1.5
1.90007e-005,3.5
1.9001e-005,5
1.90011e-005,5
1.90012e-005,5
1.90014e-005,5
1.90018e-005,5
1.90026e-005,5
1.90043e-005,5
1.90077e-005,5
1.9011e-005,5
1.90111e-005,4.5
1.90113e-005,3.5
1.90117e-005,1.5
1.9012e-005,3.96749e-012
1.90121e-005,0
1.90122e-005,0
1.90126e-005,0
1.90132e-005,0
1.90145e-005,0
1.9017e-005,0
1.90222e-005,0
1.90324e-005,0
1.90529e-005,0
1.90929e-005,0
1.91329e-005,0
1.91729e-005,0
1.92129e-005,0
1.92529e-005,0
1.92929e-005,0
1.93329e-005,0
1.93729e-005,0
1.94129e-005,0
1.94529e-005,0
1.94929e-005,0
1.95329e-005,0
1.95729e-005,0
1.96129e-005,0
1.96529e-005,0
1.96929e-005,0
1.97329e-005,0
1.97729e-005,0
1.98129e-005,0
1.98529e-005,0
1.98929e-005,0
1.99329e-005,0
1.99729e-005,0
2e-005,0
2.00001e-005,0.5
2.00003e-005,1.5
2.00007e-005,3.5
2.0001e-005,5
2.00011e-005,5
2.00012e-005,5
2.00014e-005,5
2.00018e-005,5
2.00026e-005,5
2.00043e-005,5
2.00077e-005,5
2.0011e-005,5
2.00111e-005,4.5
2.00113e-005,3.5
2.00117e-005,1.5
2.0012e-005,3.96749e-012
2.00121e-005,0
2.00122e-005,0
2.00126e-005,0
2.00132e-005,0
2.00145e-005,0
2.0017e-005,0
2.00222e-005,0
2.00324e-005,0
2.00529e-005,0
2.00929e-005,0
2.01329e-005,0
2.01729e-005,0
2.02129e-005,0
2.02529e-005,0
2.02929e-005,0
2.03329e-005,0
2.03729e-005,0
2.04129e-005,0
2.04529e-005,0
2.04929e-005,0
2.05329e-005,0
2.05729e-005,0
2.06129e-005,0
2.06529e-005,0
2.06929e-005,0
2.07329e-005,0
2.07729e-005,0
2.08129e-005,0
2.08529e-005,0
2.08929e-005,0
2.09329e-005,0
2.09729e-005,0
2.1e-005,0
2.10001e-005,0.5
2.10003e-005,1.5
2.10007e-005,3.5
2.1001e-005,5
2.10011e-005,5
2.10012e-005,5
2.10014e-005,5
2.10018e-005,5
2.10026e-005,5
2.10043e-005,5
2.10077e-005,5
2.1011e-005,5
2.10111e-005,4.5
2.10113e-005,3.5
2.10117e-005,1.5
2.1012e-005,3.96749e-012
2.10121e-005,0
2.10122e-005,0
2.10126e-005,0
2.10132e-005,0
2.10145e-005,0
2.1017e-005,0
2.10222e-005,0
2.10324e-005,0
2.10529e-005,0
2.10929e-005,0
2.11329e-005,0
2.11729e-005,0
2.12129e-005,0
2.12529e-005,0
2.12929e-005,0
2.13329e-005,0
2.13729e-005,0
2.14129e-005,0
2.14529e-005,0
2.14929e-005,0
2.15329e-005,0
2.15729e-005,0
2.16129e-005,0
2.16529e-005,0
2.16929e-005,0
2.17329e-005,0
2.17729e-005,0
2.18129e-005,0
2.18529e-005,0
2.18929e-005,0
2.19329e-005,0
2.19729e-005,0
2.2e-005,0
2.20001e-005,0.5
2.20003e-005,1.5
2.20007e-005,3.5
2.2001e-005,5
2.20011e-005,5
2.20012e-005,5
2.20014e-005,5
2.20018e-005,5
2.20026e-005,5
2.20043e-005,5
2.20077e-005,5
2.2011e-005,5
2.20111e-005,4.5
2.20113e-005,3.5
2.20117e-005,1.5
2.2012e-005,3.96749e-012
2.20121e-005,0
2.20122e-005,0
2.20126e-005,0
2.20132e-005,0
2.20145e-005,0
2.2017e-005,0
2.20222e-005,0
2.20324e-005,0
2.20529e-005,0
2.20929e-005,0
2.21329e-005,0
2.21729e-005,0
2.22129e-005,0
2.22529e-005,0
2.22929e-005,0
2.23329e-005,0
2.23729e-005,0
2.24129e-005,0
2.24529e-005,0
2.24929e-005,0
2.25329e-005,0
2.25729e-005,0
2.26129e-005,0
2.26529e-005,0
2.26929e-005,0
2.27329e-005,0
2.27729e-005,0
2.28129e-005,0
2.28529e-005,0
2.28929e-005,0
2.29329e-005,0
2.29729e-005,0
2.3e-005,0
2.30001e-005,0.5
2.30003e-005,1.5
2.30007e-005,3.5
2.3001e-005,5
2.30011e-005,5
2.30012e-005,5
2.30014e-005,5
2.30018e-005,5
2.30026e-005,5
2.30043e-005,5
2.30077e-005,5
2.3011e-005,5
2.30111e-005,4.5
2.30113e-005,3.5
2.30117e-005,1.5
2.3012e-005,3.96749e-012
2.30121e-005,0
2.30122e-005,0
2.30126e-005,0
2.30132e-005,0
2.30145e-005,0
2.3017e-005,0
2.30222e-005,0
2.30324e-005,0
2.30529e-005,0
2.30929e-005,0
2.31329e-005,0
2.31729e-005,0
2.32129e-005,0
2.32529e-005,0
2.32929e-005,0
2.33329e-005,0
2.33729e-005,0
2.34129e-005,0
2.34529e-005,0
2.34929e-005,0
2.35329e-005,0
2.35729e-005,0
2.36129e-005,0
2.36529e-005,0
2.36929e-005,0
2.37329e-005,0
2.37729e-005,0
2.38129e-005,0
2.38529e-005,0
2.38929e-005,0
2.39329e-005,0
2.39729e-005,0
2.4e-005,0
2.40001e-005,0.5
2.40003e-005,1.5
2.40007e-005,3.5
2.4001e-005,5
2.40011e-005,5
2.40012e-005,5
2.40014e-005,5
2.40018e-005,5
2.40026e-005,5
2.40043e-005,5
2.40077e-005,5
2.4011e-005,5
2.40111e-005,4.5
2.40113e-005,3.5
2.40117e-005,1.5
2.4012e-005,3.96749e-012
2.40121e-005,0
2.40122e-005,0
2.40126e-005,0
2.40132e-005,0
2.40145e-005,0
2.4017e-005,0
2.40222e-005,0
2.40324e-005,0
2.40529e-005,0
2.40929e-005,0
2.41329e-005,0
2.41729e-005,0
2.42129e-005,0
2.42529e-005,0
2.42929e-005,0
2.43329e-005,0
2.43729e-005,0
2.44129e-005,0
2.44529e-005,0
2.44929e-005,0
2.45329e-005,0
2.45729e-005,0
2.46129e-005,0
2.46529e-005,0
2.46929e-005,0
2.47329e-005,0
2.47729e-005,0
2.48129e-005,0
2.48529e-005,0
2.48929e-005,0
2.49329e-005,0
2.49729e-005,0
2.5e-005,1.69407e-011
2.50001e-005,0.5
2.50003e-005,1.5
2.50007e-005,3.5
2.5001e-005,5
2.50011e-005,5
2.50012e-005,5
2.50014e-005,5
2.50018e-005,5
2.50026e-005,5
2.50043e-005,5
2.50077e-005,5
2.5011e-005,5
2.50111e-005,4.5
2.50113e-005,3.5
2.50117e-005,1.5
2.5012e-005,3.96749e-012
2.50121e-005,0
2.50122e-005,0
2.50126e-005,0
2.50132e-005,0
2.50145e-005,0
2.5017e-005,0
2.50222e-005,0
2.50324e-005,0
2.50529e-005,0
2.50929e-005,0
2.51329e-005,0
2.51729e-005,0
2.52129e-005,0
2.52529e-005,0
2.52929e-005,0
2.53329e-005,0
2.53729e-005,0
2.54129e-005,0
2.54529e-005,0
2.54929e-005,0
2.55329e-005,0
2.55729e-005,0
2.56129e-005,0
2.56529e-005,0
2.56929e-005,0
2.57329e-005,0
2.57729e-005,0
2.58129e-005,0
2.58529e-005,0
2.58929e-005,0
2.59329e-005,0
2.59729e-005,0
2.6e-005,0
2.60001e-005,0.5
2.60003e-005,1.5
2.60007e-005,3.5
2.6001e-005,5
2.60011e-005,5
2.60012e-005,5
2.60014e-005,5
2.60018e-005,5
2.60026e-005,5
2.60043e-005,5
2.60077e-005,5
2.6011e-005,5
2.60111e-005,4.5
2.60113e-005,3.5
2.60117e-005,1.5
2.6012e-005,3.96749e-012
2.60121e-005,0
2.60122e-005,0
2.60126e-005,0
2.60132e-005,0
2.60145e-005,0
2.6017e-005,0
2.60222e-005,0
2.60324e-005,0
2.60529e-005,0
2.60929e-005,0
2.61329e-005,0
2.61729e-005,0
2.62129e-005,0
2.62529e-005,0
2.62929e-005,0
2.63329e-005,0
2.63729e-005,0
2.64129e-005,0
2.64529e-005,0
2.64929e-005,0
2.65329e-005,0
2.65729e-005,0
2.66129e-005,0
2.66529e-005,0
2.66929e-005,0
2.67329e-005,0
2.67729e-005,0
2.68129e-005,0
2.68529e-005,0
2.68929e-005,0
2.69329e-005,0
2.69729e-005,0
2.7e-005,0
2.70001e-005,0.5
2.70003e-005,1.5
2.70007e-005,3.5
2.7001e-005,5
2.70011e-005,5
2.70012e-005,5
2.70014e-005,5
2.70018e-005,5
2.70026e-005,5
2.70043e-005,5
2.70077e-005,5
2.7011e-005,5
2.70111e-005,4.5
2.70113e-005,3.5
2.70117e-005,1.5
2.7012e-005,3.96749e-012
2.70121e-005,0
2.70122e-005,0
2.70126e-005,0
2.70132e-005,0
2.70145e-005,0
2.7017e-005,0
2.70222e-005,0
2.70324e-005,0
2.70529e-005,0
2.70929e-005,0
2.71329e-005,0
2.71729e-005,0
2.72129e-005,0
2.72529e-005,0
2.72929e-005,0
2.73329e-005,0
2.73729e-005,0
2.74129e-005,0
2.74529e-005,0
2.74929e-005,0
2.75329e-005,0
2.75729e-005,0
2.76129e-005,0
2.76529e-005,0
2.76929e-005,0
2.77329e-005,0
2.77729e-005,0
2.78129e-005,0
2.78529e-005,0
2.78929e-005,0
2.79329e-005,0
2.79729e-005,0
2.8e-005,0
2.80001e-005,0.5
2.80003e-005,1.5
2.80007e-005,3.5
2.8001e-005,5
2.80011e-005,5
2.80012e-005,5
2.80014e-005,5
2.80018e-005,5
2.80026e-005,5
2.80043e-005,5
2.80077e-005,5
2.8011e-005,5
2.80111e-005,4.5
2.80113e-005,3.5
2.80117e-005,1.5
2.8012e-005,3.96749e-012
2.80121e-005,0
2.80122e-005,0
2.80126e-005,0
2.80132e-005,0
2.80145e-005,0
2.8017e-005,0
2.80222e-005,0
2.80324e-005,0
2.80529e-005,0
2.80929e-005,0
2.81329e-005,0
2.81729e-005,0
2.82129e-005,0
2.82529e-005,0
2.82929e-005,0
2.83329e-005,0
2.83729e-005,0
2.84129e-005,0
2.84529e-005,0
2.84929e-005,0
2.85329e-005,0
2.85729e-005,0
2.86129e-005,0
2.86529e-005,0
2.86929e-005,0
2.87329e-005,0
2.87729e-005,0
2.88129e-005,0
2.88529e-005,0
2.88929e-005,0
2.89329e-005,0
2.89729e-005,0
2.9e-005,0
2.90001e-005,0.5
2.90003e-005,1.5
2.90007e-005,3.5
2.9001e-005,5
2.90011e-005,5
2.90012e-005,5
2.90014e-005,5
2.90018e-005,5
2.90026e-005,5
2.90043e-005,5
2.90077e-005,5
2.9011e-005,5
2.90111e-005,4.5
2.90113e-005,3.5
2.90117e-005,1.5
2.9012e-005,3.96749e-012
2.90121e-005,0
2.90122e-005,0
2.90126e-005,0
2.90132e-005,0
2.90145e-005,0
2.9017e-005,0
2.90222e-005,0
2.90324e-005,0
2.90529e-005,0
2.90929e-005,0
2.91329e-005,0
2.91729e-005,0
2.92129e-005,0
2.92529e-005,0
2.92929e-005,0
2.93329e-005,0
2.93729e-005,0
2.94129e-005,0
2.94529e-005,0
2.94929e-005,0
2.95329e-005,0
2.95729e-005,0
2.96129e-005,0
2.96529e-005,0
2.96929e-005,0
2.97329e-005,0
2.97729e-005,0
2.98129e-005,0
2.98529e-005,0
2.98929e-005,0
2.99329e-005,0
2.99729e-005,0
3e-005,1.69407e-011
3.00001e-005,0.5
3.00003e-005,1.5
3.00007e-005,3.5
3.0001e-005,5
3.00011e-005,5
3.00012e-005,5
3.00014e-005,5
3.00018e-005,5
3.00026e-005,5
3.00043e-005,5
3.00077e-005,5
3.0011e-005,5
3.00111e-005,4.5
3.00113e-005,3.5
3.00117e-005,1.5
3.0012e-005,3.96749e-012
3.00121e-005,0
3.00122e-005,0
3.00126e-005,0
3.00132e-005,0
3.00145e-005,0
3.0017e-005,0
3.00222e-005,0
3.00324e-005,0
3.00529e-005,0
3.00929e-005,0
3.01329e-005,0
3.01729e-005,0
3.02129e-005,0
3.02529e-005,0
3.02929e-005,0
3.03329e-005,0
3.03729e-005,0
3.04129e-005,0
3.04529e-005,0
3.04929e-005,0
3.05329e-005,0
3.05729e-005,0
3.06129e-005,0
3.06529e-005,0
3.06929e-005,0
3.07329e-005,0
3.07729e-005,0
3.08129e-005,0
3.08529e-005,0
3.08929e-005,0
3.09329e-005,0
3.09729e-005,0
3.1e-005,0
3.10001e-005,0.5
3.10003e-005,1.5
3.10007e-005,3.5
3.1001e-005,5
3.10011e-005,5
3.10012e-005,5
3.10014e-005,5
3.10018e-005,5
3.10026e-005,5
3.10043e-005,5
3.10077e-005,5
3.1011e-005,5
3.10111e-005,4.5
3.10113e-005,3.5
3.10117e-005,1.5
3.1012e-005,3.96749e-012
3.10121e-005,0
3.10122e-005,0
3.10126e-005,0
3.10132e-005,0
3.10145e-005,0
3.1017e-005,0
3.10222e-005,0
3.10324e-005,0
3.10529e-005,0
3.10929e-005,0
3.11329e-005,0
3.11729e-005,0
3.12129e-005,0
3.12529e-005,0
3.12929e-005,0
3.13329e-005,0
3.13729e-005,0
3.14129e-005,0
3.14529e-005,0
3.14929e-005,0
3.15329e-005,0
3.15729e-005,0
3.16129e-005,0
3.16529e-005,0
3.16929e-005,0
3.17329e-005,0
3.17729e-005,0
3.18129e-005,0
3.18529e-005,0
3.18929e-005,0
3.19329e-005,0
3.19729e-005,0
3.2e-005,0
3.20001e-005,0.5
3.20003e-005,1.5
3.20007e-005,3.5
3.2001e-005,5
3.20011e-005,5
3.20012e-005,5
3.20014e-005,5
3.20018e-005,5
3.20026e-005,5
3.20043e-005,5
3.20077e-005,5
3.2011e-005,5
3.20111e-005,4.5
3.20113e-005,3.5
3.20117e-005,1.5
3.2012e-005,3.96749e-012
3.20121e-005,0
3.20122e-005,0
3.20126e-005,0
3.20132e-005,0
3.20145e-005,0
3.2017e-005,0
3.20222e-005,0
3.20324e-005,0
3.20529e-005,0
3.20929e-005,0
3.21329e-005,0
3.21729e-005,0
3.22129e-005,0
3.22529e-005,0
3.22929e-005,0
3.23329e-005,0
3.23729e-005,0
3.24129e-005,0
3.24529e-005,0
3.24929e-005,0
3.25329e-005,0
3.25729e-005,0
3.26129e-005,0
3.26529e-005,0
3.26929e-005,0
3.27329e-005,0
3.27729e-005,0
3.28129e-005,0
3.28529e-005,0
3.28929e-005,0
3.29329e-005,0
3.29729e-005,0
3.3e-005,0
3.30001e-005,0.5
3.30003e-005,1.5
3.30007e-005,3.5
3.3001e-005,5
3.30011e-005,5
3.30012e-005,5
3.30014e-005,5
3.30018e-005,5
3.30026e-005,5
3.30043e-005,5
3.30077e-005,5
3.3011e-005,5
3.30111e-005,4.5
3.30113e-005,3.5
3.30117e-005,1.5
3.3012e-005,3.96749e-012
3.30121e-005,0
3.30122e-005,0
3.30126e-005,0
3.30132e-005,0
3.30145e-005,0
3.3017e-005,0
3.30222e-005,0
3.30324e-005,0
3.30529e-005,0
3.30929e-005,0
3.31329e-005,0
3.31729e-005,0
3.32129e-005,0
3.32529e-005,0
3.32929e-005,0
3.33329e-005,0
3.33729e-005,0
3.34129e-005,0
3.34529e-005,0
3.34929e-005,0
3.35329e-005,0
3.35729e-005,0
3.36129e-005,0
3.36529e-005,0
3.36929e-005,0
3.37329e-005,0
3.37729e-005,0
3.38129e-005,0
3.38529e-005,0
3.38929e-005,0
3.39329e-005,0
3.39729e-005,0
3.4e-005,0
3.40001e-005,0.5
3.40003e-005,1.5
3.40007e-005,3.5
3.4001e-005,5
3.40011e-005,5
3.40012e-005,5
3.40014e-005,5
3.40018e-005,5
3.40026e-005,5
3.40043e-005,5
3.40077e-005,5
3.4011e-005,5
3.40111e-005,4.5
3.40113e-005,3.5
3.40117e-005,1.5
3.4012e-005,3.96749e-012
3.40121e-005,0
3.40122e-005,0
3.40126e-005,0
3.40132e-005,0
3.40145e-005,0
3.4017e-005,0
3.40222e-005,0
3.40324e-005,0
3.40529e-005,0
3.40929e-005,0
3.41329e-005,0
3.41729e-005,0
3.42129e-005,0
3.42529e-005,0
3.42929e-005,0
3.43329e-005,0
3.43729e-005,0
3.44129e-005,0
3.44529e-005,0
3.44929e-005,0
3.45329e-005,0
3.45729e-005,0
3.46129e-005,0
3.46529e-005,0
3.46929e-005,0
3.47329e-005,0
3.47729e-005,0
3.48129e-005,0
3.48529e-005,0
3.48929e-005,0
3.49329e-005,0
3.49729e-005,0
3.5e-005,0
3.50001e-005,0.5
3.50003e-005,1.5
3.50007e-005,3.5
3.5001e-005,5
3.50011e-005,5
3.50012e-005,5
3.50014e-005,5
3.50018e-005,5
3.50026e-005,5
3.50043e-005,5
3.50077e-005,5
3.5011e-005,5
3.50111e-005,4.5
3.50113e-005,3.5
3.50117e-005,1.5
3.5012e-005,3.96749e-012
3.50121e-005,0
3.50122e-005,0
3.50126e-005,0
3.50132e-005,0
3.50145e-005,0
3.5017e-005,0
3.50222e-005,0
3.50324e-005,0
3.50529e-005,0
3.50929e-005,0
3.51329e-005,0
3.51729e-005,0
3.52129e-005,0
3.52529e-005,0
3.52929e-005,0
3.53329e-005,0
3.53729e-005,0
3.54129e-005,0
3.54529e-005,0
3.54929e-005,0
3.55329e-005,0
3.55729e-005,0
3.56129e-005,0
3.56529e-005,0
3.56929e-005,0
3.57329e-005,0
3.57729e-005,0
3.58129e-005,0
3.58529e-005,0
3.58929e-005,0
3.59329e-005,0
3.59729e-005,0
3.6e-005,0
3.60001e-005,0.5
3.60003e-005,1.5
3.60007e-005,3.5
3.6001e-005,5
3.60011e-005,5
3.60012e-005,5
3.60014e-005,5
3.60018e-005,5
3.60026e-005,5
3.60043e-005,5
3.60077e-005,5
3.6011e-005,5
3.60111e-005,4.5
3.60113e-005,3.5
3.60117e-005,1.5
3.6012e-005,3.96749e-012
3.60121e-005,0
3.60122e-005,0
3.60126e-005,0
3.60132e-005,0
3.60145e-005,0
3.6017e-005,0
3.60222e-005,0
3.60324e-005,0
3.60529e-005,0
3.60929e-005,0
3.61329e-005,0
3.61729e-005,0
3.62129e-005,0
3.62529e-005,0
3.62929e-005,0
3.63329e-005,0
3.63729e-005,0
3.64129e-005,0
3.64529e-005,0
3.64929e-005,0
3.65329e-005,0
3.65729e-005,0
3.66129e-005,0
3.66529e-005,0
3.66929e-005,0
3.67329e-005,0
3.67729e-005,0
3.68129e-005,0
3.68529e-005,0
3.68929e-005,0
3.69329e-005,0
3.69729e-005,0
3.7e-005,0
3.70001e-005,0.5
3.70003e-005,1.5
3.70007e-005,3.5
3.7001e-005,5
3.70011e-005,5
3.70012e-005,5
3.70014e-005,5
3.70018e-005,5
3.70026e-005,5
3.70043e-005,5
3.70077e-005,5
3.7011e-005,5
3.70111e-005,4.5
3.70113e-005,3.5
3.70117e-005,1.5
3.7012e-005,3.96749e-012
3.70121e-005,0
3.70122e-005,0
3.70126e-005,0
3.70132e-005,0
3.70145e-005,0
3.7017e-005,0
3.70222e-005,0
3.70324e-005,0
3.70529e-005,0
3.70929e-005,0
3.71329e-005,0
3.71729e-005,0
3.72129e-005,0
3.72529e-005,0
3.72929e-005,0
3.73329e-005,0
3.73729e-005,0
3.74129e-005,0
3.74529e-005,0
3.74929e-005,0
3.75329e-005,0
3.75729e-005,0
3.76129e-005,0
3.76529e-005,0
3.76929e-005,0
3.77329e-005,0
3.77729e-005,0
3.78129e-005,0
3.78529e-005,0
3.78929e-005,0
3.79329e-005,0
3.79729e-005,0
3.8e-005,0
3.80001e-005,0.5
3.80003e-005,1.5
3.80007e-005,3.5
3.8001e-005,5
3.80011e-005,5
3.80012e-005,5
3.80014e-005,5
3.80018e-005,5
3.80026e-005,5
3.80043e-005,5
3.80077e-005,5
3.8011e-005,5
3.80111e-005,4.5
3.80113e-005,3.5
3.80117e-005,1.5
3.8012e-005,3.96749e-012
3.80121e-005,0
3.80122e-005,0
3.80126e-005,0
3.80132e-005,0
3.80145e-005,0
3.8017e-005,0
3.80222e-005,0
3.80324e-005,0
3.80529e-005,0
3.80929e-005,0
3.81329e-005,0
3.81729e-005,0
3.82129e-005,0
3.82529e-005,0
3.82929e-005,0
3.83329e-005,0
3.83729e-005,0
3.84129e-005,0
3.84529e-005,0
3.84929e-005,0
3.85329e-005,0
3.85729e-005,0
3.86129e-005,0
3.86529e-005,0
3.86929e-005,0
3.87329e-005,0
3.87729e-005,0
3.88129e-005,0
3.88529e-005,0
3.88929e-005,0
3.89329e-005,0
3.89729e-005,0
3.9e-005,0
3.90001e-005,0.5
3.90003e-005,1.5
3.90007e-005,3.5
3.9001e-005,5
3.90011e-005,5
3.90012e-005,5
3.90014e-005,5
3.90018e-005,5
3.90026e-005,5
3.90043e-005,5
3.90077e-005,5
3.9011e-005,5
3.90111e-005,4.5
3.90113e-005,3.5
3.90117e-005,1.5
3.9012e-005,3.96749e-012
3.90121e-005,0
3.90122e-005,0
3.90126e-005,0
3.90132e-005,0
3.90145e-005,0
3.9017e-005,0
3.90222e-005,0
3.90324e-005,0
3.90529e-005,0
3.90929e-005,0
3.91329e-005,0
3.91729e-005,0
3.92129e-005,0
3.92529e-005,0
3.92929e-005,0
3.93329e-005,0
3.93729e-005,0
3.94129e-005,0
3.94529e-005,0
3.94929e-005,0
3.95329e-005,0
3.95729e-005,0
3.96129e-005,0
3.96529e-005,0
3.96929e-005,0
3.97329e-005,0
3.97729e-005,0
3.98129e-005,0
3.98529e-005,0
3.98929e-005,0
3.99329e-005,0
3.99729e-005,0
4e-005,0
4.00001e-005,0.5
4.00003e-005,1.5
4.00007e-005,3.5
4.0001e-005,5
4.00011e-005,5
4.00012e-005,5
4.00014e-005,5
4.00018e-005,5
4.00026e-005,5
4.00043e-005,5
4.00077e-005,5
4.0011e-005,5
4.00111e-005,4.5
4.00113e-005,3.5
4.00117e-005,1.5
4.0012e-005,3.96749e-012
4.00121e-005,0
4.00122e-005,0
4.00126e-005,0
4.00132e-005,0
4.00145e-005,0
4.0017e-005,0
4.00222e-005,0
4.00324e-005,0
4.00529e-005,0
4.00929e-005,0
4.01329e-005,0
4.01729e-005,0
4.02129e-005,0
4.02529e-005,0
4.02929e-005,0
4.03329e-005,0
4.03729e-005,0
4.04129e-005,0
4.04529e-005,0
4.04929e-005,0
4.05329e-005,0
4.05729e-005,0
4.06129e-005,0
4.06529e-005,0
4.06929e-005,0
4.07329e-005,0
4.07729e-005,0
4.08129e-005,0
4.08529e-005,0
4.08929e-005,0
4.09329e-005,0
4.09729e-005,0
4.1e-005,0
4.10001e-005,0.5
4.10003e-005,1.5
4.10007e-005,3.5
4.1001e-005,5
4.10011e-005,5
4.10012e-005,5
4.10014e-005,5
4.10018e-005,5
4.10026e-005,5
4.10043e-005,5
4.10077e-005,5
4.1011e-005,5
4.10111e-005,4.5
4.10113e-005,3.5
4.10117e-005,1.5
4.1012e-005,3.96749e-012
4.10121e-005,0
4.10122e-005,0
4.10126e-005,0
4.10132e-005,0
4.10145e-005,0
4.1017e-005,0
4.10222e-005,0
4.10324e-005,0
4.10529e-005,0
4.10929e-005,0
4.11329e-005,0
4.11729e-005,0
4.12129e-005,0
4.12529e-005,0
4.12929e-005,0
4.13329e-005,0
4.13729e-005,0
4.14129e-005,0
4.14529e-005,0
4.14929e-005,0
4.15329e-005,0
4.15729e-005,0
4.16129e-005,0
4.16529e-005,0
4.16929e-005,0
4.17329e-005,0
4.17729e-005,0
4.18129e-005,0
4.18529e-005,0
4.18929e-005,0
4.19329e-005,0
4.19729e-005,0
4.2e-005,0
4.20001e-005,0.5
4.20003e-005,1.5
4.20007e-005,3.5
4.2001e-005,5
4.20011e-005,5
4.20012e-005,5
4.20014e-005,5
4.20018e-005,5
4.20026e-005,5
4.20043e-005,5
4.20077e-005,5
4.2011e-005,5
4.20111e-005,4.5
4.20113e-005,3.5
4.20117e-005,1.5
4.2012e-005,3.96749e-012
4.20121e-005,0
4.20122e-005,0
4.20126e-005,0
4.20132e-005,0
4.20145e-005,0
4.2017e-005,0
4.20222e-005,0
4.20324e-005,0
4.20529e-005,0
4.20929e-005,0
4.21329e-005,0
4.21729e-005,0
4.22129e-005,0
4.22529e-005,0
4.22929e-005,0
4.23329e-005,0
4.23729e-005,0
4.24129e-005,0
4.24529e-005,0
4.24929e-005,0
4.25329e-005,0
4.25729e-005,0
4.26129e-005,0
4.26529e-005,0
4.26929e-005,0
4.27329e-005,0
4.27729e-005,0
4.28129e-005,0
4.28529e-005,0
4.28929e-005,0
4.29329e-005,0
4.29729e-005,0
4.3e-005,0
4.30001e-005,0.5
4.30003e-005,1.5
4.30007e-005,3.5
4.3001e-005,5
4.30011e-005,5
4.30012e-005,5
4.30014e-005,5
4.30018e-005,5
4.30026e-005,5
4.30043e-005,5
4.30077e-005,5
4.3011e-005,5
4.30111e-005,4.5
4.30113e-005,3.5
4.30117e-005,1.5
4.3012e-005,3.96749e-012
4.30121e-005,0
4.30122e-005,0
4.30126e-005,0
4.30132e-005,0
4.30145e-005,0
4.3017e-005,0
4.30222e-005,0
4.30324e-005,0
4.30529e-005,0
4.30929e-005,0
4.31329e-005,0
4.31729e-005,0
4.32129e-005,0
4.32529e-005,0
4.32929e-005,0
4.33329e-005,0
4.33729e-005,0
4.34129e-005,0
4.34529e-005,0
4.34929e-005,0
4.35329e-005,0
4.35729e-005,0
4.36129e-005,0
4.36529e-005,0
4.36929e-005,0
4.37329e-005,0
4.37729e-005,0
4.38129e-005,0
4.38529e-005,0
4.38929e-005,0
4.39329e-005,0
4.39729e-005,0
4.4e-005,0
4.40001e-005,0.5
4.40003e-005,1.5
4.40007e-005,3.5
4.4001e-005,5
4.40011e-005,5
4.40012e-005,5
4.40014e-005,5
4.40018e-005,5
4.40026e-005,5
4.40043e-005,5
4.40077e-005,5
4.4011e-005,5
4.40111e-005,4.5
4.40113e-005,3.5
4.40117e-005,1.5
4.4012e-005,3.96749e-012
4.40121e-005,0
4.40122e-005,0
4.40126e-005,0
4.40132e-005,0
4.40145e-005,0
4.4017e-005,0
4.40222e-005,0
4.40324e-005,0
4.40529e-005,0
4.40929e-005,0
4.41329e-005,0
4.41729e-005,0
4.42129e-005,0
4.42529e-005,0
4.42929e-005,0
4.43329e-005,0
4.43729e-005,0
4.44129e-005,0
4.44529e-005,0
4.44929e-005,0
4.45329e-005,0
4.45729e-005,0
4.46129e-005,0
4.46529e-005,0
4.46929e-005,0
4.47329e-005,0
4.47729e-005,0
4.48129e-005,0
4.48529e-005,0
4.48929e-005,0
4.49329e-005,0
4.49729e-005,0
4.5e-005,0
4.50001e-005,0.5
4.50003e-005,1.5
4.50007e-005,3.5
4.5001e-005,5
4.50011e-005,5
4.50012e-005,5
4.50014e-005,5
4.50018e-005,5
4.50026e-005,5
4.50043e-005,5
4.50077e-005,5
4.5011e-005,5
4.50111e-005,4.5
4.50113e-005,3.5
4.50117e-005,1.5
4.5012e-005,3.96749e-012
4.50121e-005,0
4.50122e-005,0
4.50126e-005,0
4.50132e-005,0
4.50145e-005,0
4.5017e-005,0
4.50222e-005,0
4.50324e-005,0
4.50529e-005,0
4.50929e-005,0
4.51329e-005,0
4.51729e-005,0
4.52129e-005,0
4.52529e-005,0
4.52929e-005,0
4.53329e-005,0
4.53729e-005,0
4.54129e-005,0
4.54529e-005,0
4.54929e-005,0
4.55329e-005,0
4.55729e-005,0
4.56129e-005,0
4.56529e-005,0
4.56929e-005,0
4.57329e-005,0
4.57729e-005,0
4.58129e-005,0
4.58529e-005,0
4.58929e-005,0
4.59329e-005,0
4.59729e-005,0
4.6e-005,0
4.60001e-005,0.5
4.60003e-005,1.5
4.60007e-005,3.5
4.6001e-005,5
4.60011e-005,5
4.60012e-005,5
4.60014e-005,5
4.60018e-005,5
4.60026e-005,5
4.60043e-005,5
4.60077e-005,5
4.6011e-005,5
4.60111e-005,4.5
4.60113e-005,3.5
4.60117e-005,1.5
4.6012e-005,3.96749e-012
4.60121e-005,0
4.60122e-005,0
4.60126e-005,0
4.60132e-005,0
4.60145e-005,0
4.6017e-005,0
4.60222e-005,0
4.60324e-005,0
4.60529e-005,0
4.60929e-005,0
4.61329e-005,0
4.61729e-005,0
4.62129e-005,0
4.62529e-005,0
4.62929e-005,0
4.63329e-005,0
4.63729e-005,0
4.64129e-005,0
4.64529e-005,0
4.64929e-005,0
4.65329e-005,0
4.65729e-005,0
4.66129e-005,0
4.66529e-005,0
4.66929e-005,0
4.67329e-005,0
4.67729e-005,0
4.68129e-005,0
4.68529e-005,0
4.68929e-005,0
4.69329e-005,0
4.69729e-005,0
4.7e-005,0
4.70001e-005,0.5
4.70003e-005,1.5
4.70007e-005,3.5
4.7001e-005,5
4.70011e-005,5
4.70012e-005,5
4.70014e-005,5
4.70018e-005,5
4.70026e-005,5
4.70043e-005,5
4.70077e-005,5
4.7011e-005,5
4.70111e-005,4.5
4.70113e-005,3.5
4.70117e-005,1.5
4.7012e-005,3.96749e-012
4.70121e-005,0
4.70122e-005,0
4.70126e-005,0
4.70132e-005,0
4.70145e-005,0
4.7017e-005,0
4.70222e-005,0
4.70324e-005,0
4.70529e-005,0
4.70929e-005,0
4.71329e-005,0
4.71729e-005,0
4.72129e-005,0
4.72529e-005,0
4.72929e-005,0
4.73329e-005,0
4.73729e-005,0
4.74129e-005,0
4.74529e-005,0
4.74929e-005,0
4.75329e-005,0
4.75729e-005,0
4.76129e-005,0
4.76529e-005,0
4.76929e-005,0
4.77329e-005,0
4.77729e-005,0
4.78129e-005,0
4.78529e-005,0
4.78929e-005,0
4.79329e-005,0
4.79729e-005,0
4.8e-005,0
4.80001e-005,0.5
4.80003e-005,1.5
4.80007e-005,3.5
4.8001e-005,5
4.80011e-005,5
4.80012e-005,5
4.80014e-005,5
4.80018e-005,5
4.80026e-005,5
4.80043e-005,5
4.80077e-005,5
4.8011e-005,5
4.80111e-005,4.5
4.80113e-005,3.5
4.80117e-005,1.5
4.8012e-005,3.96749e-012
4.80121e-005,0
4.80122e-005,0
4.80126e-005,0
4.80132e-005,0
4.80145e-005,0
4.8017e-005,0
4.80222e-005,0
4.80324e-005,0
4.80529e-005,0
4.80929e-005,0
4.81329e-005,0
4.81729e-005,0
4.82129e-005,0
4.82529e-005,0
4.82929e-005,0
4.83329e-005,0
4.83729e-005,0
4.84129e-005,0
4.84529e-005,0
4.84929e-005,0
4.85329e-005,0
4.85729e-005,0
4.86129e-005,0
4.86529e-005,0
4.86929e-005,0
4.87329e-005,0
4.87729e-005,0
4.88129e-005,0
4.88529e-005,0
4.88929e-005,0
4.89329e-005,0
4.89729e-005,0
4.9e-005,0
4.90001e-005,0.5
4.90003e-005,1.5
4.90007e-005,3.5
4.9001e-005,5
4.90011e-005,5
4.90012e-005,5
4.90014e-005,5
4.90018e-005,5
4.90026e-005,5
4.90043e-005,5
4.90077e-005,5
4.9011e-005,5
4.90111e-005,4.5
4.90113e-005,3.5
4.90117e-005,1.5
4.9012e-005,3.96749e-012
4.90121e-005,0
4.90122e-005,0
4.90126e-005,0
4.90132e-005,0
4.90145e-005,0
4.9017e-005,0
4.90222e-005,0
4.90324e-005,0
4.90529e-005,0
4.90929e-005,0
4.91329e-005,0
4.91729e-005,0
4.92129e-005,0
4.92529e-005,0
4.92929e-005,0
4.93329e-005,0
4.93729e-005,0
4.94129e-005,0
4.94529e-005,0
4.94929e-005,0
4.95329e-005,0
4.95729e-005,0
4.96129e-005,0
4.96529e-005,0
4.96929e-005,0
4.97329e-005,0
4.97729e-005,0
4.98129e-005,0
4.98529e-005,0
4.98929e-005,0
4.99329e-005,0
4.99729e-005,0
5e-005,0
5.00001e-005,0.5
5.00003e-005,1.5
5.00007e-005,3.5
5.0001e-005,5
5.00011e-005,5
5.00012e-005,5
5.00014e-005,5
5.00018e-005,5
5.00026e-005,5
5.00043e-005,5
5.00077e-005,5
5.0011e-005,5
5.00111e-005,4.5
5.00113e-005,3.5
5.00117e-005,1.5
5.0012e-005,3.96749e-012
5.00121e-005,0
5.00122e-005,0
5.00126e-005,0
5.00132e-005,0
5.00145e-005,0
5.0017e-005,0
5.00222e-005,0
5.00324e-005,0
5.00529e-005,0
5.00929e-005,0
5.01329e-005,0
5.01729e-005,0
5.02129e-005,0
5.02529e-005,0
5.02929e-005,0
5.03329e-005,0
5.03729e-005,0
5.04129e-005,0
5.04529e-005,0
5.04929e-005,0
5.05329e-005,0
5.05729e-005,0
5.06129e-005,0
5.06529e-005,0
5.06929e-005,0
5.07329e-005,0
5.07729e-005,0
5.08129e-005,0
5.08529e-005,0
5.08929e-005,0
5.09329e-005,0
5.09729e-005,0
5.1e-005,0
5.10001e-005,0.5
5.10003e-005,1.5
5.10007e-005,3.5
5.1001e-005,5
5.10011e-005,5
5.10012e-005,5
5.10014e-005,5
5.10018e-005,5
5.10026e-005,5
5.10043e-005,5
5.10077e-005,5
5.1011e-005,5
5.10111e-005,4.5
5.10113e-005,3.5
5.10117e-005,1.5
5.1012e-005,3.96749e-012
5.10121e-005,0
5.10122e-005,0
5.10126e-005,0
5.10132e-005,0
5.10145e-005,0
5.1017e-005,0
5.10222e-005,0
5.10324e-005,0
5.10529e-005,0
5.10929e-005,0
5.11329e-005,0
5.11729e-005,0
5.12129e-005,0
5.12529e-005,0
5.12929e-005,0
5.13329e-005,0
5.13729e-005,0
5.14129e-005,0
5.14529e-005,0
5.14929e-005,0
5.15329e-005,0
5.15729e-005,0
5.16129e-005,0
5.16529e-005,0
5.16929e-005,0
5.17329e-005,0
5.17729e-005,0
5.18129e-005,0
5.18529e-005,0
5.18929e-005,0
5.19329e-005,0
5.19729e-005,0
5.2e-005,0
5.20001e-005,0.5
5.20003e-005,1.5
5.20007e-005,3.5
5.2001e-005,5
5.20011e-005,5
5.20012e-005,5
5.20014e-005,5
5.20018e-005,5
5.20026e-005,5
5.20043e-005,5
5.20077e-005,5
5.2011e-005,5
5.20111e-005,4.5
5.20113e-005,3.5
5.20117e-005,1.5
5.2012e-005,3.96749e-012
5.20121e-005,0
5.20122e-005,0
5.20126e-005,0
5.20132e-005,0
5.20145e-005,0
5.2017e-005,0
5.20222e-005,0
5.20324e-005,0
5.20529e-005,0
5.20929e-005,0
5.21329e-005,0
5.21729e-005,0
5.22129e-005,0
5.22529e-005,0
5.22929e-005,0
5.23329e-005,0
5.23729e-005,0
5.24129e-005,0
5.24529e-005,0
5.24929e-005,0
5.25329e-005,0
5.25729e-005,0
5.26129e-005,0
5.26529e-005,0
5.26929e-005,0
5.27329e-005,0
5.27729e-005,0
5.28129e-005,0
5.28529e-005,0
5.28929e-005,0
5.29329e-005,0
5.29729e-005,0
5.3e-005,0
5.30001e-005,0.5
5.30003e-005,1.5
5.30007e-005,3.5
5.3001e-005,5
5.30011e-005,5
5.30012e-005,5
5.30014e-005,5
5.30018e-005,5
5.30026e-005,5
5.30043e-005,5
5.30077e-005,5
5.3011e-005,5
5.30111e-005,4.5
5.30113e-005,3.5
5.30117e-005,1.5
5.3012e-005,3.96749e-012
5.30121e-005,0
5.30122e-005,0
5.30126e-005,0
5.30132e-005,0
5.30145e-005,0
5.3017e-005,0
5.30222e-005,0
5.30324e-005,0
5.30529e-005,0
5.30929e-005,0
5.31329e-005,0
5.31729e-005,0
5.32129e-005,0
5.32529e-005,0
5.32929e-005,0
5.33329e-005,0
5.33729e-005,0
5.34129e-005,0
5.34529e-005,0
5.34929e-005,0
5.35329e-005,0
5.35729e-005,0
5.36129e-005,0
5.36529e-005,0
5.36929e-005,0
5.37329e-005,0
5.37729e-005,0
5.38129e-005,0
5.38529e-005,0
5.38929e-005,0
5.39329e-005,0
5.39729e-005,0
5.4e-005,0
5.40001e-005,0.5
5.40003e-005,1.5
5.40007e-005,3.5
5.4001e-005,5
5.40011e-005,5
5.40012e-005,5
5.40014e-005,5
5.40018e-005,5
5.40026e-005,5
5.40043e-005,5
5.40077e-005,5
5.4011e-005,5
5.40111e-005,4.5
5.40113e-005,3.5
5.40117e-005,1.5
5.4012e-005,3.96749e-012
5.40121e-005,0
5.40122e-005,0
5.40126e-005,0
5.40132e-005,0
5.40145e-005,0
5.4017e-005,0
5.40222e-005,0
5.40324e-005,0
5.40529e-005,0
5.40929e-005,0
5.41329e-005,0
5.41729e-005,0
5.42129e-005,0
5.42529e-005,0
5.42929e-005,0
5.43329e-005,0
5.43729e-005,0
5.44129e-005,0
5.44529e-005,0
5.44929e-005,0
5.45329e-005,0
5.45729e-005,0
5.46129e-005,0
5.46529e-005,0
5.46929e-005,0
5.47329e-005,0
5.47729e-005,0
5.48129e-005,0
5.48529e-005,0
5.48929e-005,0
5.49329e-005,0
5.49729e-005,0
5.5e-005,0
5.50001e-005,0.5
5.50003e-005,1.5
5.50007e-005,3.5
5.5001e-005,5
5.50011e-005,5
5.50012e-005,5
5.50014e-005,5
5.50018e-005,5
5.50026e-005,5
5.50043e-005,5
5.50077e-005,5
5.5011e-005,5
5.50111e-005,4.5
5.50113e-005,3.5
5.50117e-005,1.5
5.5012e-005,3.96749e-012
5.50121e-005,0
5.50122e-005,0
5.50126e-005,0
5.50132e-005,0
5.50145e-005,0
5.5017e-005,0
5.50222e-005,0
5.50324e-005,0
5.50529e-005,0
5.50929e-005,0
5.51329e-005,0
5.51729e-005,0
5.52129e-005,0
5.52529e-005,0
5.52929e-005,0
5.53329e-005,0
5.53729e-005,0
5.54129e-005,0
5.54529e-005,0
5.54929e-005,0
5.55329e-005,0
5.55729e-005,0
5.56129e-005,0
5.56529e-005,0
5.56929e-005,0
5.57329e-005,0
5.57729e-005,0
5.58129e-005,0
5.58529e-005,0
5.58929e-005,0
5.59329e-005,0
5.59729e-005,0
5.6e-005,0
5.60001e-005,0.5
5.60003e-005,1.5
5.60007e-005,3.5
5.6001e-005,5
5.60011e-005,5
5.60012e-005,5
5.60014e-005,5
5.60018e-005,5
5.60026e-005,5
5.60043e-005,5
5.60077e-005,5
5.6011e-005,5
5.60111e-005,4.5
5.60113e-005,3.5
5.60117e-005,1.5
5.6012e-005,3.96749e-012
5.60121e-005,0
5.60122e-005,0
5.60126e-005,0
5.60132e-005,0
5.60145e-005,0
5.6017e-005,0
5.60222e-005,0
5.60324e-005,0
5.60529e-005,0
5.60929e-005,0
5.61329e-005,0
5.61729e-005,0
5.62129e-005,0
5.62529e-005,0
5.62929e-005,0
5.63329e-005,0
5.63729e-005,0
5.64129e-005,0
5.64529e-005,0
5.64929e-005,0
5.65329e-005,0
5.65729e-005,0
5.66129e-005,0
5.66529e-005,0
5.66929e-005,0
5.67329e-005,0
5.67729e-005,0
5.68129e-005,0
5.68529e-005,0
5.68929e-005,0
5.69329e-005,0
5.69729e-005,0
5.7e-005,0
5.70001e-005,0.5
5.70003e-005,1.5
5.70007e-005,3.5
5.7001e-005,5
5.70011e-005,5
5.70012e-005,5
5.70014e-005,5
5.70018e-005,5
5.70026e-005,5
5.70043e-005,5
5.70077e-005,5
5.7011e-005,5
5.70111e-005,4.5
5.70113e-005,3.5
5.70117e-005,1.5
5.7012e-005,3.96749e-012
5.70121e-005,0
5.70122e-005,0
5.70126e-005,0
5.70132e-005,0
5.70145e-005,0
5.7017e-005,0
5.70222e-005,0
5.70324e-005,0
5.70529e-005,0
5.70929e-005,0
5.71329e-005,0
5.71729e-005,0
5.72129e-005,0
5.72529e-005,0
5.72929e-005,0
5.73329e-005,0
5.73729e-005,0
5.74129e-005,0
5.74529e-005,0
5.74929e-005,0
5.75329e-005,0
5.75729e-005,0
5.76129e-005,0
5.76529e-005,0
5.76929e-005,0
5.77329e-005,0
5.77729e-005,0
5.78129e-005,0
5.78529e-005,0
5.78929e-005,0
5.79329e-005,0
5.79729e-005,0
5.8e-005,0
5.80001e-005,0.5
5.80003e-005,1.5
5.80007e-005,3.5
5.8001e-005,5
5.80011e-005,5
5.80012e-005,5
5.80014e-005,5
5.80018e-005,5
5.80026e-005,5
5.80043e-005,5
5.80077e-005,5
5.8011e-005,5
5.80111e-005,4.5
5.80113e-005,3.5
5.80117e-005,1.5
5.8012e-005,3.96749e-012
5.80121e-005,0
5.80122e-005,0
5.80126e-005,0
5.80132e-005,0
5.80145e-005,0
5.8017e-005,0
5.80222e-005,0
5.80324e-005,0
5.80529e-005,0
5.80929e-005,0
5.81329e-005,0
5.81729e-005,0
5.82129e-005,0
5.82529e-005,0
5.82929e-005,0
5.83329e-005,0
5.83729e-005,0
5.84129e-005,0
5.84529e-005,0
5.84929e-005,0
5.85329e-005,0
5.85729e-005,0
5.86129e-005,0
5.86529e-005,0
5.86929e-005,0
5.87329e-005,0
5.87729e-005,0
5.88129e-005,0
5.88529e-005,0
5.88929e-005,0
5.89329e-005,0
5.89729e-005,0
5.9e-005,0
5.90001e-005,0.5
5.90003e-005,1.5
5.90007e-005,3.5
5.9001e-005,5
5.90011e-005,5
5.90012e-005,5
5.90014e-005,5
5.90018e-005,5
5.90026e-005,5
5.90043e-005,5
5.90077e-005,5
5.9011e-005,5
5.90111e-005,4.5
5.90113e-005,3.5
5.90117e-005,1.5
5.9012e-005,3.96749e-012
5.90121e-005,0
5.90122e-005,0
5.90126e-005,0
5.90132e-005,0
5.90145e-005,0
5.9017e-005,0
5.90222e-005,0
5.90324e-005,0
5.90529e-005,0
5.90929e-005,0
5.91329e-005,0
5.91729e-005,0
5.92129e-005,0
5.92529e-005,0
5.92929e-005,0
5.93329e-005,0
5.93729e-005,0
5.94129e-005,0
5.94529e-005,0
5.94929e-005,0
5.95329e-005,0
5.95729e-005,0
5.96129e-005,0
5.96529e-005,0
5.96929e-005,0
5.97329e-005,0
5.97729e-005,0
5.98129e-005,0
5.98529e-005,0
5.98929e-005,0
5.99329e-005,0
5.99729e-005,0
6e-005,0
6.00001e-005,0.5
6.00003e-005,1.5
6.00007e-005,3.5
6.0001e-005,5
6.00011e-005,5
6.00012e-005,5
6.00014e-005,5
6.00018e-005,5
6.00026e-005,5
6.00043e-005,5
6.00077e-005,5
6.0011e-005,5
6.00111e-005,4.5
6.00113e-005,3.5
6.00117e-005,1.5
6.0012e-005,3.96749e-012
6.00121e-005,0
6.00122e-005,0
6.00126e-005,0
6.00132e-005,0
6.00145e-005,0
6.0017e-005,0
6.00222e-005,0
6.00324e-005,0
6.00529e-005,0
6.00929e-005,0
6.01329e-005,0
6.01729e-005,0
6.02129e-005,0
6.02529e-005,0
6.02929e-005,0
6.03329e-005,0
6.03729e-005,0
6.04129e-005,0
6.04529e-005,0
6.04929e-005,0
6.05329e-005,0
6.05729e-005,0
6.06129e-005,0
6.06529e-005,0
6.06929e-005,0
6.07329e-005,0
6.07729e-005,0
6.08129e-005,0
6.08529e-005,0
6.08929e-005,0
6.09329e-005,0
6.09729e-005,0
6.1e-005,0
6.10001e-005,0.5
6.10003e-005,1.5
6.10007e-005,3.5
6.1001e-005,5
6.10011e-005,5
6.10012e-005,5
6.10014e-005,5
6.10018e-005,5
6.10026e-005,5
6.10043e-005,5
6.10077e-005,5
6.1011e-005,5
6.10111e-005,4.5
6.10113e-005,3.5
6.10117e-005,1.5
6.1012e-005,3.96749e-012
6.10121e-005,0
6.10122e-005,0
6.10126e-005,0
6.10132e-005,0
6.10145e-005,0
6.1017e-005,0
6.10222e-005,0
6.10324e-005,0
6.10529e-005,0
6.10929e-005,0
6.11329e-005,0
6.11729e-005,0
6.12129e-005,0
6.12529e-005,0
6.12929e-005,0
6.13329e-005,0
6.13729e-005,0
6.14129e-005,0
6.14529e-005,0
6.14929e-005,0
6.15329e-005,0
6.15729e-005,0
6.16129e-005,0
6.16529e-005,0
6.16929e-005,0
6.17329e-005,0
6.17729e-005,0
6.18129e-005,0
6.18529e-005,0
6.18929e-005,0
6.19329e-005,0
6.19729e-005,0
6.2e-005,0
6.20001e-005,0.5
6.20003e-005,1.5
6.20007e-005,3.5
6.2001e-005,5
6.20011e-005,5
6.20012e-005,5
6.20014e-005,5
6.20018e-005,5
6.20026e-005,5
6.20043e-005,5
6.20077e-005,5
6.2011e-005,5
6.20111e-005,4.5
6.20113e-005,3.5
6.20117e-005,1.5
6.2012e-005,3.96749e-012
6.20121e-005,0
6.20122e-005,0
6.20126e-005,0
6.20132e-005,0
6.20145e-005,0
6.2017e-005,0
6.20222e-005,0
6.20324e-005,0
6.20529e-005,0
6.20929e-005,0
6.21329e-005,0
6.21729e-005,0
6.22129e-005,0
6.22529e-005,0
6.22929e-005,0
6.23329e-005,0
6.23729e-005,0
6.24129e-005,0
6.24529e-005,0
6.24929e-005,0
6.25329e-005,0
6.25729e-005,0
6.26129e-005,0
6.26529e-005,0
6.26929e-005,0
6.27329e-005,0
6.27729e-005,0
6.28129e-005,0
6.28529e-005,0
6.28929e-005,0
6.29329e-005,0
6.29729e-005,0
6.3e-005,0
6.30001e-005,0.5
6.30003e-005,1.5
6.30007e-005,3.5
6.3001e-005,5
6.30011e-005,5
6.30012e-005,5
6.30014e-005,5
6.30018e-005,5
6.30026e-005,5
6.30043e-005,5
6.30077e-005,5
6.3011e-005,5
6.30111e-005,4.5
6.30113e-005,3.5
6.30117e-005,1.5
6.3012e-005,3.96749e-012
6.30121e-005,0
6.30122e-005,0
6.30126e-005,0
6.30132e-005,0
6.30145e-005,0
6.3017e-005,0
6.30222e-005,0
6.30324e-005,0
6.30529e-005,0
6.30929e-005,0
6.31329e-005,0
6.31729e-005,0
6.32129e-005,0
6.32529e-005,0
6.32929e-005,0
6.33329e-005,0
6.33729e-005,0
6.34129e-005,0
6.34529e-005,0
6.34929e-005,0
6.35329e-005,0
6.35729e-005,0
6.36129e-005,0
6.36529e-005,0
6.36929e-005,0
6.37329e-005,0
6.37729e-005,0
6.38129e-005,0
6.38529e-005,0
6.38929e-005,0
6.39329e-005,0
6.39729e-005,0
6.4e-005,0
6.40001e-005,0.5
6.40003e-005,1.5
6.40007e-005,3.5
6.4001e-005,5
6.40011e-005,5
6.40012e-005,5
6.40014e-005,5
6.40018e-005,5
6.40026e-005,5
6.40043e-005,5
6.40077e-005,5
6.4011e-005,5
6.40111e-005,4.5
6.40113e-005,3.5
6.40117e-005,1.5
6.4012e-005,3.96749e-012
6.40121e-005,0
6.40122e-005,0
6.40126e-005,0
6.40132e-005,0
6.40145e-005,0
6.4017e-005,0
6.40222e-005,0
6.40324e-005,0
6.40529e-005,0
6.40929e-005,0
6.41329e-005,0
6.41729e-005,0
6.42129e-005,0
6.42529e-005,0
6.42929e-005,0
6.43329e-005,0
6.43729e-005,0
6.44129e-005,0
6.44529e-005,0
6.44929e-005,0
6.45329e-005,0
6.45729e-005,0
6.46129e-005,0
6.46529e-005,0
6.46929e-005,0
6.47329e-005,0
6.47729e-005,0
6.48129e-005,0
6.48529e-005,0
6.48929e-005,0
6.49329e-005,0
6.49729e-005,0
6.5e-005,0
6.50001e-005,0.5
6.50003e-005,1.5
6.50007e-005,3.5
6.5001e-005,5
6.50011e-005,5
6.50012e-005,5
6.50014e-005,5
6.50018e-005,5
6.50026e-005,5
6.50043e-005,5
6.50077e-005,5
6.5011e-005,5
6.50111e-005,4.5
6.50113e-005,3.5
6.50117e-005,1.5
6.5012e-005,3.96749e-012
6.50121e-005,0
6.50122e-005,0
6.50126e-005,0
6.50132e-005,0
6.50145e-005,0
6.5017e-005,0
6.50222e-005,0
6.50324e-005,0
6.50529e-005,0
6.50929e-005,0
6.51329e-005,0
6.51729e-005,0
6.52129e-005,0
6.52529e-005,0
6.52929e-005,0
6.53329e-005,0
6.53729e-005,0
6.54129e-005,0
6.54529e-005,0
6.54929e-005,0
6.55329e-005,0
6.55729e-005,0
6.56129e-005,0
6.56529e-005,0
6.56929e-005,0
6.57329e-005,0
6.57729e-005,0
6.58129e-005,0
6.58529e-005,0
6.58929e-005,0
6.59329e-005,0
6.59729e-005,0
6.6e-005,0
6.60001e-005,0.5
6.60003e-005,1.5
6.60007e-005,3.5
6.6001e-005,5
6.60011e-005,5
6.60012e-005,5
6.60014e-005,5
6.60018e-005,5
6.60026e-005,5
6.60043e-005,5
6.60077e-005,5
6.6011e-005,5
6.60111e-005,4.5
6.60113e-005,3.5
6.60117e-005,1.5
6.6012e-005,3.96749e-012
6.60121e-005,0
6.60122e-005,0
6.60126e-005,0
6.60132e-005,0
6.60145e-005,0
6.6017e-005,0
6.60222e-005,0
6.60324e-005,0
6.60529e-005,0
6.60929e-005,0
6.61329e-005,0
6.61729e-005,0
6.62129e-005,0
6.62529e-005,0
6.62929e-005,0
6.63329e-005,0
6.63729e-005,0
6.64129e-005,0
6.64529e-005,0
6.64929e-005,0
6.65329e-005,0
6.65729e-005,0
6.66129e-005,0
6.66529e-005,0
6.66929e-005,0
6.67329e-005,0
6.67729e-005,0
6.68129e-005,0
6.68529e-005,0
6.68929e-005,0
6.69329e-005,0
6.69729e-005,0
6.7e-005,0
6.70001e-005,0.5
6.70003e-005,1.5
6.70007e-005,3.5
6.7001e-005,5
6.70011e-005,5
6.70012e-005,5
6.70014e-005,5
6.70018e-005,5
6.70026e-005,5
6.70043e-005,5
6.70077e-005,5
6.7011e-005,5
6.70111e-005,4.5
6.70113e-005,3.5
6.70117e-005,1.5
6.7012e-005,3.96749e-012
6.70121e-005,0
6.70122e-005,0
6.70126e-005,0
6.70132e-005,0
6.70145e-005,0
6.7017e-005,0
6.70222e-005,0
6.70324e-005,0
6.70529e-005,0
6.70929e-005,0
6.71329e-005,0
6.71729e-005,0
6.72129e-005,0
6.72529e-005,0
6.72929e-005,0
6.73329e-005,0
6.73729e-005,0
6.74129e-005,0
6.74529e-005,0
6.74929e-005,0
6.75329e-005,0
6.75729e-005,0
6.76129e-005,0
6.76529e-005,0
6.76929e-005,0
6.77329e-005,0
6.77729e-005,0
6.78129e-005,0
6.78529e-005,0
6.78929e-005,0
6.79329e-005,0
6.79729e-005,0
6.8e-005,0
6.80001e-005,0.5
6.80003e-005,1.5
6.80007e-005,3.5
6.8001e-005,5
6.80011e-005,5
6.80012e-005,5
6.80014e-005,5
6.80018e-005,5
6.80026e-005,5
6.80043e-005,5
6.80077e-005,5
6.8011e-005,5
6.80111e-005,4.5
6.80113e-005,3.5
6.80117e-005,1.5
6.8012e-005,3.96749e-012
6.80121e-005,0
6.80122e-005,0
6.80126e-005,0
6.80132e-005,0
6.80145e-005,0
6.8017e-005,0
6.80222e-005,0
6.80324e-005,0
6.80529e-005,0
6.80929e-005,0
6.81329e-005,0
6.81729e-005,0
6.82129e-005,0
6.82529e-005,0
6.82929e-005,0
6.83329e-005,0
6.83729e-005,0
6.84129e-005,0
6.84529e-005,0
6.84929e-005,0
6.85329e-005,0
6.85729e-005,0
6.86129e-005,0
6.86529e-005,0
6.86929e-005,0
6.87329e-005,0
6.87729e-005,0
6.88129e-005,0
6.88529e-005,0
6.88929e-005,0
6.89329e-005,0
6.89729e-005,0
6.9e-005,0
6.90001e-005,0.5
6.90003e-005,1.5
6.90007e-005,3.5
6.9001e-005,5
6.90011e-005,5
6.90012e-005,5
6.90014e-005,5
6.90018e-005,5
6.90026e-005,5
6.90043e-005,5
6.90077e-005,5
6.9011e-005,5
6.90111e-005,4.5
6.90113e-005,3.5
6.90117e-005,1.5
6.9012e-005,3.96749e-012
6.90121e-005,0
6.90122e-005,0
6.90126e-005,0
6.90132e-005,0
6.90145e-005,0
6.9017e-005,0
6.90222e-005,0
6.90324e-005,0
6.90529e-005,0
6.90929e-005,0
6.91329e-005,0
6.91729e-005,0
6.92129e-005,0
6.92529e-005,0
6.92929e-005,0
6.93329e-005,0
6.93729e-005,0
6.94129e-005,0
6.94529e-005,0
6.94929e-005,0
6.95329e-005,0
6.95729e-005,0
6.96129e-005,0
6.96529e-005,0
6.96929e-005,0
6.97329e-005,0
6.97729e-005,0
6.98129e-005,0
6.98529e-005,0
6.98929e-005,0
6.99329e-005,0
6.99729e-005,0
7e-005,0
7.00001e-005,0.5
7.00003e-005,1.5
7.00007e-005,3.5
7.0001e-005,5
7.00011e-005,5
7.00012e-005,5
7.00014e-005,5
7.00018e-005,5
7.00026e-005,5
7.00043e-005,5
7.00077e-005,5
7.0011e-005,5
7.00111e-005,4.5
7.00113e-005,3.5
7.00117e-005,1.5
7.0012e-005,3.96749e-012
7.00121e-005,0
7.00122e-005,0
7.00126e-005,0
7.00132e-005,0
7.00145e-005,0
7.0017e-005,0
7.00222e-005,0
7.00324e-005,0
7.00529e-005,0
7.00929e-005,0
7.01329e-005,0
7.01729e-005,0
7.02129e-005,0
7.02529e-005,0
7.02929e-005,0
7.03329e-005,0
7.03729e-005,0
7.04129e-005,0
7.04529e-005,0
7.04929e-005,0
7.05329e-005,0
7.05729e-005,0
7.06129e-005,0
7.06529e-005,0
7.06929e-005,0
7.07329e-005,0
7.07729e-005,0
7.08129e-005,0
7.08529e-005,0
7.08929e-005,0
7.09329e-005,0
7.09729e-005,0
7.1e-005,0
7.10001e-005,0.5
7.10003e-005,1.5
7.10007e-005,3.5
7.1001e-005,5
7.10011e-005,5
7.10012e-005,5
7.10014e-005,5
7.10018e-005,5
7.10026e-005,5
7.10043e-005,5
7.10077e-005,5
7.1011e-005,5
7.10111e-005,4.5
7.10113e-005,3.5
7.10117e-005,1.5
7.1012e-005,3.96749e-012
7.10121e-005,0
7.10122e-005,0
7.10126e-005,0
7.10132e-005,0
7.10145e-005,0
7.1017e-005,0
7.10222e-005,0
7.10324e-005,0
7.10529e-005,0
7.10929e-005,0
7.11329e-005,0
7.11729e-005,0
7.12129e-005,0
7.12529e-005,0
7.12929e-005,0
7.13329e-005,0
7.13729e-005,0
7.14129e-005,0
7.14529e-005,0
7.14929e-005,0
7.15329e-005,0
7.15729e-005,0
7.16129e-005,0
7.16529e-005,0
7.16929e-005,0
7.17329e-005,0
7.17729e-005,0
7.18129e-005,0
7.18529e-005,0
7.18929e-005,0
7.19329e-005,0
7.19729e-005,0
7.2e-005,0
7.20001e-005,0.5
7.20003e-005,1.5
7.20007e-005,3.5
7.2001e-005,5
7.20011e-005,5
7.20012e-005,5
7.20014e-005,5
7.20018e-005,5
7.20026e-005,5
7.20043e-005,5
7.20077e-005,5
7.2011e-005,5
7.20111e-005,4.5
7.20113e-005,3.5
7.20117e-005,1.5
7.2012e-005,3.96749e-012
7.20121e-005,0
7.20122e-005,0
7.20126e-005,0
7.20132e-005,0
7.20145e-005,0
7.2017e-005,0
7.20222e-005,0
7.20324e-005,0
7.20529e-005,0
7.20929e-005,0
7.21329e-005,0
7.21729e-005,0
7.22129e-005,0
7.22529e-005,0
7.22929e-005,0
7.23329e-005,0
7.23729e-005,0
7.24129e-005,0
7.24529e-005,0
7.24929e-005,0
7.25329e-005,0
7.25729e-005,0
7.26129e-005,0
7.26529e-005,0
7.26929e-005,0
7.27329e-005,0
7.27729e-005,0
7.28129e-005,0
7.28529e-005,0
7.28929e-005,0
7.29329e-005,0
7.29729e-005,0
7.3e-005,0
7.30001e-005,0.5
7.30003e-005,1.5
7.30007e-005,3.5
7.3001e-005,5
7.30011e-005,5
7.30012e-005,5
7.30014e-005,5
7.30018e-005,5
7.30026e-005,5
7.30043e-005,5
7.30077e-005,5
7.3011e-005,5
7.30111e-005,4.5
7.30113e-005,3.5
7.30117e-005,1.5
7.3012e-005,3.96749e-012
7.30121e-005,0
7.30122e-005,0
7.30126e-005,0
7.30132e-005,0
7.30145e-005,0
7.3017e-005,0
7.30222e-005,0
7.30324e-005,0
7.30529e-005,0
7.30929e-005,0
7.31329e-005,0
7.31729e-005,0
7.32129e-005,0
7.32529e-005,0
7.32929e-005,0
7.33329e-005,0
7.33729e-005,0
7.34129e-005,0
7.34529e-005,0
7.34929e-005,0
7.35329e-005,0
7.35729e-005,0
7.36129e-005,0
7.36529e-005,0
7.36929e-005,0
7.37329e-005,0
7.37729e-005,0
7.38129e-005,0
7.38529e-005,0
7.38929e-005,0
7.39329e-005,0
7.39729e-005,0
7.4e-005,0
7.40001e-005,0.5
7.40003e-005,1.5
7.40007e-005,3.5
7.4001e-005,5
7.40011e-005,5
7.40012e-005,5
7.40014e-005,5
7.40018e-005,5
7.40026e-005,5
7.40043e-005,5
7.40077e-005,5
7.4011e-005,5
7.40111e-005,4.5
7.40113e-005,3.5
7.40117e-005,1.5
7.4012e-005,3.96749e-012
7.40121e-005,0
7.40122e-005,0
7.40126e-005,0
7.40132e-005,0
7.40145e-005,0
7.4017e-005,0
7.40222e-005,0
7.40324e-005,0
7.40529e-005,0
7.40929e-005,0
7.41329e-005,0
7.41729e-005,0
7.42129e-005,0
7.42529e-005,0
7.42929e-005,0
7.43329e-005,0
7.43729e-005,0
7.44129e-005,0
7.44529e-005,0
7.44929e-005,0
7.45329e-005,0
7.45729e-005,0
7.46129e-005,0
7.46529e-005,0
7.46929e-005,0
7.47329e-005,0
7.47729e-005,0
7.48129e-005,0
7.48529e-005,0
7.48929e-005,0
7.49329e-005,0
7.49729e-005,0
7.5e-005,0
7.50001e-005,0.5
7.50003e-005,1.5
7.50007e-005,3.5
7.5001e-005,5
7.50011e-005,5
7.50012e-005,5
7.50014e-005,5
7.50018e-005,5
7.50026e-005,5
7.50043e-005,5
7.50077e-005,5
7.5011e-005,5
7.50111e-005,4.5
7.50113e-005,3.5
7.50117e-005,1.5
7.5012e-005,3.96749e-012
7.50121e-005,0
7.50122e-005,0
7.50126e-005,0
7.50132e-005,0
7.50145e-005,0
7.5017e-005,0
7.50222e-005,0
7.50324e-005,0
7.50529e-005,0
7.50929e-005,0
7.51329e-005,0
7.51729e-005,0
7.52129e-005,0
7.52529e-005,0
7.52929e-005,0
7.53329e-005,0
7.53729e-005,0
7.54129e-005,0
7.54529e-005,0
7.54929e-005,0
7.55329e-005,0
7.55729e-005,0
7.56129e-005,0
7.56529e-005,0
7.56929e-005,0
7.57329e-005,0
7.57729e-005,0
7.58129e-005,0
7.58529e-005,0
7.58929e-005,0
7.59329e-005,0
7.59729e-005,0
7.6e-005,0
7.60001e-005,0.5
7.60003e-005,1.5
7.60007e-005,3.5
7.6001e-005,5
7.60011e-005,5
7.60012e-005,5
7.60014e-005,5
7.60018e-005,5
7.60026e-005,5
7.60043e-005,5
7.60077e-005,5
7.6011e-005,5
7.60111e-005,4.5
7.60113e-005,3.5
7.60117e-005,1.5
7.6012e-005,3.96749e-012
7.60121e-005,0
7.60122e-005,0
7.60126e-005,0
7.60132e-005,0
7.60145e-005,0
7.6017e-005,0
7.60222e-005,0
7.60324e-005,0
7.60529e-005,0
7.60929e-005,0
7.61329e-005,0
7.61729e-005,0
7.62129e-005,0
7.62529e-005,0
7.62929e-005,0
7.63329e-005,0
7.63729e-005,0
7.64129e-005,0
7.64529e-005,0
7.64929e-005,0
7.65329e-005,0
7.65729e-005,0
7.66129e-005,0
7.66529e-005,0
7.66929e-005,0
7.67329e-005,0
7.67729e-005,0
7.68129e-005,0
7.68529e-005,0
7.68929e-005,0
7.69329e-005,0
7.69729e-005,0
7.7e-005,0
7.70001e-005,0.5
7.70003e-005,1.5
7.70007e-005,3.5
7.7001e-005,5
7.70011e-005,5
7.70012e-005,5
7.70014e-005,5
7.70018e-005,5
7.70026e-005,5
7.70043e-005,5
7.70077e-005,5
7.7011e-005,5
7.70111e-005,4.5
7.70113e-005,3.5
7.70117e-005,1.5
7.7012e-005,3.96749e-012
7.70121e-005,0
7.70122e-005,0
7.70126e-005,0
7.70132e-005,0
7.70145e-005,0
7.7017e-005,0
7.70222e-005,0
7.70324e-005,0
7.70529e-005,0
7.70929e-005,0
7.71329e-005,0
7.71729e-005,0
7.72129e-005,0
7.72529e-005,0
7.72929e-005,0
7.73329e-005,0
7.73729e-005,0
7.74129e-005,0
7.74529e-005,0
7.74929e-005,0
7.75329e-005,0
7.75729e-005,0
7.76129e-005,0
7.76529e-005,0
7.76929e-005,0
7.77329e-005,0
7.77729e-005,0
7.78129e-005,0
7.78529e-005,0
7.78929e-005,0
7.79329e-005,0
7.79729e-005,0
7.8e-005,0
7.80001e-005,0.5
7.80003e-005,1.5
7.80007e-005,3.5
7.8001e-005,5
7.80011e-005,5
7.80012e-005,5
7.80014e-005,5
7.80018e-005,5
7.80026e-005,5
7.80043e-005,5
7.80077e-005,5
7.8011e-005,5
7.80111e-005,4.5
7.80113e-005,3.5
7.80117e-005,1.5
7.8012e-005,3.96749e-012
7.80121e-005,0
7.80122e-005,0
7.80126e-005,0
7.80132e-005,0
7.80145e-005,0
7.8017e-005,0
7.80222e-005,0
7.80324e-005,0
7.80529e-005,0
7.80929e-005,0
7.81329e-005,0
7.81729e-005,0
7.82129e-005,0
7.82529e-005,0
7.82929e-005,0
7.83329e-005,0
7.83729e-005,0
7.84129e-005,0
7.84529e-005,0
7.84929e-005,0
7.85329e-005,0
7.85729e-005,0
7.86129e-005,0
7.86529e-005,0
7.86929e-005,0
7.87329e-005,0
7.87729e-005,0
7.88129e-005,0
7.88529e-005,0
7.88929e-005,0
7.89329e-005,0
7.89729e-005,0
7.9e-005,0
7.90001e-005,0.5
7.90003e-005,1.5
7.90007e-005,3.5
7.9001e-005,5
7.90011e-005,5
7.90012e-005,5
7.90014e-005,5
7.90018e-005,5
7.90026e-005,5
7.90043e-005,5
7.90077e-005,5
7.9011e-005,5
7.90111e-005,4.5
7.90113e-005,3.5
7.90117e-005,1.5
7.9012e-005,3.96749e-012
7.90121e-005,0
7.90122e-005,0
7.90126e-005,0
7.90132e-005,0
7.90145e-005,0
7.9017e-005,0
7.90222e-005,0
7.90324e-005,0
7.90529e-005,0
7.90929e-005,0
7.91329e-005,0
7.91729e-005,0
7.92129e-005,0
7.92529e-005,0
7.92929e-005,0
7.93329e-005,0
7.93729e-005,0
7.94129e-005,0
7.94529e-005,0
7.94929e-005,0
7.95329e-005,0
7.95729e-005,0
7.96129e-005,0
7.96529e-005,0
7.96929e-005,0
7.97329e-005,0
7.97729e-005,0
7.98129e-005,0
7.98529e-005,0
7.98929e-005,0
7.99329e-005,0
7.99729e-005,0
8e-005,0
8.00001e-005,0.5
8.00003e-005,1.5
8.00007e-005,3.5
8.0001e-005,5
