X--Trace 1::[Channel A],Y--Trace 1::[Channel A]
0,3.03906e-005
1e-011,-1.38549e-005
1.63387e-011,-2.3086e-005
2.9016e-011,-4.21408e-005
5.43706e-011,-8.31323e-005
9.9663e-011,-0.000162694
1.90248e-010,-0.000336336
3.71417e-010,-0.000721926
7.33757e-010,-0.0016
1e-009,-0.00231012
1.07247e-009,-0.00238941
1.2174e-009,-0.00252251
1.50728e-009,-0.00270494
2.08702e-009,-0.0028993
3.2465e-009,-0.00298078
5.56548e-009,-0.0028866
1.02034e-008,-0.00266734
1.1e-008,-0.00263515
1.11e-008,-0.00245835
1.13e-008,-0.0020635
1.17e-008,-0.00113479
1.2e-008,-0.000366632
1.208e-008,-0.000287078
1.224e-008,-0.000155607
1.256e-008,0.408634
1.32e-008,3.14925
1.448e-008,3.17812
1.704e-008,3.18094
2.216e-008,3.17658
3.24e-008,3.16898
5.288e-008,3.15264
9.288e-008,2.85856
1.3288e-007,1.86036
1.7288e-007,1.26395
2.1288e-007,0.799184
2.5288e-007,0.558323
2.9288e-007,0.335388
3.3288e-007,0.251707
3.7288e-007,0.135373
4.1288e-007,0.118727
4.5288e-007,0.0494656
4.9288e-007,0.0609744
5.3288e-007,0.0128437
5.7288e-007,0.0357187
6.1288e-007,5.18343e-008
6.5288e-007,0.0244823
6.9288e-007,-2.63437e-007
7.3288e-007,0.0193107
7.7288e-007,-3.8942e-007
8.1288e-007,0.0167807
8.5288e-007,-4.34375e-007
8.9288e-007,0.0154174
9.3288e-007,-4.43709e-007
9.7288e-007,0.0145836
1e-006,-4.31838e-007
1.0001e-006,-0.000174399
1.0003e-006,-0.000568256
1.0007e-006,-0.00151538
1.001e-006,-0.00230955
1.00105e-006,-0.00236896
1.00115e-006,-0.00247111
1.00136e-006,-0.00262178
1.00177e-006,-0.0028151
1.00259e-006,-0.00296175
1.00423e-006,-0.00295149
1.00752e-006,-0.00278799
1.011e-006,-0.00263552
1.0111e-006,-0.00245871
1.0113e-006,-0.00206367
1.0117e-006,-0.00113467
1.012e-006,-0.000366534
1.01208e-006,-0.000286985
1.01224e-006,-0.000155529
1.01256e-006,0.409615
1.0132e-006,3.14926
1.01448e-006,3.17813
1.01704e-006,3.18094
1.02216e-006,3.17658
1.0324e-006,3.16899
1.05288e-006,3.15266
1.09288e-006,2.85967
1.13288e-006,1.8614
1.17288e-006,1.26493
1.21288e-006,0.800012
1.25288e-006,0.559078
1.29288e-006,0.336017
1.33288e-006,0.252293
1.37288e-006,0.135865
1.41288e-006,0.119199
1.45288e-006,0.0498663
1.49288e-006,0.0613702
1.53288e-006,0.0131818
1.57288e-006,0.0360601
1.61288e-006,6.61218e-008
1.65288e-006,0.0247823
1.69288e-006,-2.60716e-007
1.73288e-006,0.0195772
1.77288e-006,-3.78309e-007
1.81288e-006,0.017019
1.85288e-006,-4.24785e-007
1.89288e-006,0.0156312
1.93288e-006,-4.35176e-007
1.97288e-006,0.0147759
2e-006,-4.238e-007
2.0001e-006,-0.000174389
2.0003e-006,-0.000568237
2.0007e-006,-0.00151533
2.001e-006,-0.00230947
2.00105e-006,-0.00236887
2.00115e-006,-0.00247102
2.00136e-006,-0.00262168
2.00177e-006,-0.00281498
2.00259e-006,-0.0029616
2.00423e-006,-0.00295132
2.00752e-006,-0.00278782
2.011e-006,-0.00263538
2.0111e-006,-0.00245857
2.0113e-006,-0.00206354
2.0117e-006,-0.00113457
2.012e-006,-0.000366477
2.01208e-006,-0.000286937
2.01224e-006,-0.000155499
2.01256e-006,0.409754
2.0132e-006,3.14925
2.01448e-006,3.17813
2.01704e-006,3.18094
2.02216e-006,3.17658
2.0324e-006,3.16899
2.05288e-006,3.15265
2.09288e-006,2.85967
2.13288e-006,1.86148
2.17288e-006,1.26505
2.21288e-006,0.800146
2.25288e-006,0.559216
2.29288e-006,0.336147
2.33288e-006,0.252419
2.37288e-006,0.13598
2.41288e-006,0.119309
2.45288e-006,0.0499668
2.49288e-006,0.061466
2.53288e-006,0.0132697
2.57288e-006,0.0361443
2.61288e-006,6.98968e-008
2.65288e-006,0.0248568
2.69288e-006,-2.54767e-007
2.73288e-006,0.0196435
2.77288e-006,-3.75293e-007
2.81288e-006,0.0170781
2.85288e-006,-4.22164e-007
2.89288e-006,0.0156842
2.93288e-006,-4.32831e-007
2.97288e-006,0.0148233
3e-006,-4.21588e-007
3.0001e-006,-0.000174386
3.0003e-006,-0.000568233
3.0007e-006,-0.00151532
3.001e-006,-0.00230945
3.00105e-006,-0.00236968
3.00116e-006,-0.00247313
3.00137e-006,-0.00262527
3.00178e-006,-0.00281911
3.00262e-006,-0.00296336
3.00429e-006,-0.00294899
3.00762e-006,-0.00278277
3.011e-006,-0.00263543
3.0111e-006,-0.0024586
3.0113e-006,-0.00206355
3.0117e-006,-0.00113458
3.012e-006,-0.000366483
3.01208e-006,-0.000286944
3.01224e-006,-0.000155507
3.01256e-006,0.409584
3.0132e-006,3.14925
3.01448e-006,3.17812
3.01704e-006,3.18094
3.02216e-006,3.17658
3.0324e-006,3.16899
3.05288e-006,3.15265
3.09288e-006,2.85968
3.13288e-006,1.86151
3.17288e-006,1.26509
3.21288e-006,0.800184
3.25288e-006,0.559254
3.29288e-006,0.336183
3.33288e-006,0.252452
3.37288e-006,0.136011
3.41288e-006,0.119338
3.45288e-006,0.0499935
3.49288e-006,0.061491
3.53288e-006,0.0132931
3.57288e-006,0.036166
3.61288e-006,7.08944e-008
3.65288e-006,0.0248759
3.69288e-006,-2.53304e-007
3.73288e-006,0.0196604
3.77288e-006,-3.7449e-007
3.81288e-006,0.0170932
3.85288e-006,-4.21462e-007
3.89288e-006,0.0156975
3.93288e-006,-4.32201e-007
3.97288e-006,0.0148352
4e-006,-4.20992e-007
4.0001e-006,-0.000174386
4.0003e-006,-0.000568232
4.0007e-006,-0.00151532
4.001e-006,-0.00230945
4.00105e-006,-0.00237008
4.00116e-006,-0.00247416
4.00137e-006,-0.00262701
4.00179e-006,-0.0028211
4.00263e-006,-0.00296419
4.00431e-006,-0.00294786
4.00767e-006,-0.00278035
4.011e-006,-0.00263546
4.0111e-006,-0.00245863
4.0113e-006,-0.00206357
4.0117e-006,-0.00113459
4.012e-006,-0.000366494
4.01208e-006,-0.000286955
4.01224e-006,-0.000155516
4.01256e-006,0.409439
4.0132e-006,3.14925
4.01448e-006,3.17812
4.01704e-006,3.18094
4.02216e-006,3.17658
4.0324e-006,3.16899
4.05288e-006,3.15265
4.09288e-006,2.85969
4.13288e-006,1.86152
4.17288e-006,1.2651
4.21288e-006,0.800198
4.25288e-006,0.559267
4.29288e-006,0.336194
4.33288e-006,0.252463
4.37288e-006,0.13602
4.41288e-006,0.119346
4.45288e-006,0.0500009
4.49288e-006,0.061498
4.53288e-006,0.0132993
4.57288e-006,0.036172
4.61288e-006,7.11551e-008
4.65288e-006,0.024881
4.69288e-006,-2.5293e-007
4.73288e-006,0.0196649
4.77288e-006,-3.74281e-007
4.81288e-006,0.0170971
4.85288e-006,-4.2128e-007
4.89288e-006,0.015701
4.93288e-006,-4.32036e-007
4.97288e-006,0.0148383
5e-006,-4.20835e-007
5.0001e-006,-0.000174385
5.0003e-006,-0.000568232
5.0007e-006,-0.00151532
5.001e-006,-0.00230945
5.00105e-006,-0.00237019
5.00116e-006,-0.00247443
5.00137e-006,-0.00262747
5.00179e-006,-0.00282162
5.00263e-006,-0.00296441
5.00432e-006,-0.00294758
5.00769e-006,-0.00277974
5.011e-006,-0.00263548
5.0111e-006,-0.00245865
5.0113e-006,-0.00206359
5.0117e-006,-0.00113461
5.012e-006,-0.000366505
5.01208e-006,-0.000286965
5.01224e-006,-0.000155525
5.01256e-006,0.409319
5.0132e-006,3.14925
5.01448e-006,3.17812
5.01704e-006,3.18094
5.02216e-006,3.17658
5.0324e-006,3.16899
5.05288e-006,3.15265
5.09288e-006,2.85971
5.13288e-006,1.86153
5.17288e-006,1.26511
5.21288e-006,0.800205
5.25288e-006,0.559275
5.29288e-006,0.336199
5.33288e-006,0.252468
5.37288e-006,0.136023
5.41288e-006,0.11935
5.45288e-006,0.050003
5.49288e-006,0.0615005
5.53288e-006,0.0133009
5.57288e-006,0.036174
5.61288e-006,7.12184e-008
5.65288e-006,0.0248827
5.69288e-006,-2.52843e-007
5.73288e-006,0.0196663
5.77288e-006,-3.74234e-007
5.81288e-006,0.0170983
5.85288e-006,-4.21239e-007
5.89288e-006,0.0157021
5.93288e-006,-4.31999e-007
5.97288e-006,0.0148392
6e-006,-4.20799e-007
6.0001e-006,-0.000174386
6.0003e-006,-0.000568233
6.0007e-006,-0.00151532
6.001e-006,-0.00230946
6.00105e-006,-0.00237022
6.00116e-006,-0.00247451
6.00137e-006,-0.00262759
6.00179e-006,-0.00282176
6.00263e-006,-0.00296448
6.00432e-006,-0.00294752
6.00769e-006,-0.00277959
6.011e-006,-0.0026355
6.0111e-006,-0.00245867
6.0113e-006,-0.00206361
6.0117e-006,-0.00113462
6.012e-006,-0.000366516
6.01208e-006,-0.000286975
6.01224e-006,-0.000155534
6.01256e-006,0.409205
6.0132e-006,3.14925
6.01448e-006,3.17812
6.01704e-006,3.18094
6.02216e-006,3.17658
6.0324e-006,3.16899
6.05288e-006,3.15265
6.09288e-006,2.85972
6.13288e-006,1.86154
6.17288e-006,1.26512
6.21288e-006,0.800211
6.25288e-006,0.55928
6.29288e-006,0.336202
6.33288e-006,0.252471
6.37288e-006,0.136025
6.41288e-006,0.119352
6.45288e-006,0.0500039
6.49288e-006,0.0615018
6.53288e-006,0.0133013
6.57288e-006,0.0361749
6.61288e-006,7.12307e-008
6.65288e-006,0.0248834
6.69288e-006,-2.52829e-007
6.73288e-006,0.0196669
6.77288e-006,-3.74228e-007
6.81288e-006,0.0170988
6.85288e-006,-4.21235e-007
6.89288e-006,0.0157025
6.93288e-006,-4.31996e-007
6.97288e-006,0.0148396
7e-006,-4.20794e-007
7.0001e-006,-0.000174386
7.0003e-006,-0.000568233
7.0007e-006,-0.00151532
7.001e-006,-0.00230946
7.00105e-006,-0.00237024
7.00116e-006,-0.00247453
7.00137e-006,-0.00262763
7.00179e-006,-0.00282181
7.00263e-006,-0.00296451
7.00432e-006,-0.00294751
7.00769e-006,-0.00277957
7.011e-006,-0.00263552
7.0111e-006,-0.00245868
7.0113e-006,-0.00206362
7.0117e-006,-0.00113464
7.012e-006,-0.000366527
7.01208e-006,-0.000286986
7.01224e-006,-0.000155542
7.01256e-006,0.409092
7.0132e-006,3.14925
7.01448e-006,3.17812
7.01704e-006,3.18094
7.02216e-006,3.17658
7.0324e-006,3.16899
7.05288e-006,3.15265
7.09288e-006,2.85974
7.13288e-006,1.86156
7.17288e-006,1.26513
7.21288e-006,0.800217
7.25288e-006,0.559285
7.29288e-006,0.336205
7.33288e-006,0.252474
7.37288e-006,0.136026
7.41288e-006,0.119354
7.45288e-006,0.0500043
7.49288e-006,0.0615029
7.53288e-006,0.0133015
7.57288e-006,0.0361756
7.61288e-006,7.12294e-008
7.65288e-006,0.0248839
7.69288e-006,-2.52835e-007
7.73288e-006,0.0196673
7.77288e-006,-3.74234e-007
7.81288e-006,0.0170991
7.85288e-006,-4.21241e-007
7.89288e-006,0.0157028
7.93288e-006,-4.32001e-007
7.97288e-006,0.0148398
8e-006,-4.20798e-007
8.0001e-006,-0.000174386
8.0003e-006,-0.000568234
8.0007e-006,-0.00151533
8.001e-006,-0.00230947
8.00105e-006,-0.00237024
8.00116e-006,-0.00247454
8.00137e-006,-0.00262765
8.00179e-006,-0.00282183
8.00263e-006,-0.00296452
8.00432e-006,-0.00294752
8.00769e-006,-0.00277957
8.011e-006,-0.00263554
8.0111e-006,-0.0024587
8.0113e-006,-0.00206364
8.0117e-006,-0.00113465
8.012e-006,-0.000366539
8.01208e-006,-0.000286996
8.01224e-006,-0.00015555
8.01256e-006,0.408979
8.0132e-006,3.14925
8.01448e-006,3.17812
8.01704e-006,3.18094
8.02216e-006,3.17658
8.0324e-006,3.16899
8.05288e-006,3.15265
8.09288e-006,2.85976
8.13288e-006,1.86157
8.17288e-006,1.26514
8.21288e-006,0.800222
8.25288e-006,0.55929
8.29288e-006,0.336208
8.33288e-006,0.252477
8.37288e-006,0.136027
8.41288e-006,0.119355
8.45288e-006,0.0500047
8.49288e-006,0.0615038
8.53288e-006,0.0133015
8.57288e-006,0.0361762
8.61288e-006,7.12248e-008
8.65288e-006,0.0248843
8.69288e-006,-2.52846e-007
8.73288e-006,0.0196676
8.77288e-006,-3.74242e-007
8.81288e-006,0.0170994
8.85288e-006,-4.21249e-007
8.89288e-006,0.015703
8.93288e-006,-4.32008e-007
8.97288e-006,0.01484
9e-006,-4.20803e-007
9.0001e-006,-0.000174386
9.0003e-006,-0.000568234
9.0007e-006,-0.00151533
9.001e-006,-0.00230947
9.00105e-006,-0.00237025
9.00116e-006,-0.00247455
9.00137e-006,-0.00262766
9.00179e-006,-0.00282184
9.00263e-006,-0.00296454
9.00432e-006,-0.00294754
9.00769e-006,-0.00277959
9.011e-006,-0.00263556
9.0111e-006,-0.00245872
9.0113e-006,-0.00206366
9.0117e-006,-0.00113467
9.012e-006,-0.00036655
9.01208e-006,-0.000287006
9.01224e-006,-0.000155559
9.01256e-006,0.408867
9.0132e-006,3.14925
9.01448e-006,3.17812
9.01704e-006,3.18094
9.02216e-006,3.17659
9.0324e-006,3.16899
9.05288e-006,3.15265
9.09288e-006,2.85977
9.13288e-006,1.86158
9.17288e-006,1.26515
9.21288e-006,0.800228
9.25288e-006,0.559295
9.29288e-006,0.33621
9.33288e-006,0.252479
9.37288e-006,0.136028
9.41288e-006,0.119357
9.45288e-006,0.0500051
9.49288e-006,0.0615047
9.53288e-006,0.0133016
9.57288e-006,0.0361768
9.61288e-006,7.12194e-008
9.65288e-006,0.0248848
9.69288e-006,-2.52857e-007
9.73288e-006,0.0196679
9.77288e-006,-3.74251e-007
9.81288e-006,0.0170996
9.85288e-006,-4.21257e-007
9.89288e-006,0.0157032
9.93288e-006,-4.32015e-007
9.97288e-006,0.0148402
1e-005,-4.20809e-007
1.00001e-005,-0.000174386
1.00003e-005,-0.000568235
1.00007e-005,-0.00151533
1.0001e-005,-0.00230948
1.00011e-005,-0.00237026
1.00012e-005,-0.00247456
1.00014e-005,-0.00262767
1.00018e-005,-0.00282186
1.00026e-005,-0.00296455
1.00043e-005,-0.00294756
1.00077e-005,-0.0027796
1.0011e-005,-0.00263557
1.00111e-005,-0.00245874
1.00113e-005,-0.00206368
1.00117e-005,-0.00113468
1.0012e-005,-0.000366561
1.00121e-005,-0.000287016
1.00122e-005,-0.000155567
1.00126e-005,0.408754
1.00132e-005,3.14925
1.00145e-005,3.17812
1.0017e-005,3.18094
1.00222e-005,3.17659
1.00324e-005,3.16899
1.00529e-005,3.15265
1.00929e-005,2.85979
1.01329e-005,1.86159
1.01729e-005,1.26516
1.02129e-005,0.800233
1.02529e-005,0.5593
1.02929e-005,0.336213
1.03329e-005,0.252482
1.03729e-005,0.136029
1.04129e-005,0.119358
1.04529e-005,0.0500055
1.04929e-005,0.0615057
1.05329e-005,0.0133016
1.05729e-005,0.0361774
1.06129e-005,7.12134e-008
1.06529e-005,0.0248852
1.06929e-005,-2.5287e-007
1.07329e-005,0.0196682
1.07729e-005,-3.7426e-007
1.08129e-005,0.0170999
1.08529e-005,-4.21266e-007
1.08929e-005,0.0157034
1.09329e-005,-4.32023e-007
1.09729e-005,0.0148403
1.1e-005,-4.20815e-007
1.10001e-005,-0.000174386
1.10003e-005,-0.000568236
1.10007e-005,-0.00151534
1.1001e-005,-0.00230948
1.10011e-005,-0.00237026
1.10012e-005,-0.00247457
1.10014e-005,-0.00262768
1.10018e-005,-0.00282187
1.10026e-005,-0.00296457
1.10043e-005,-0.00294757
1.10077e-005,-0.00277962
1.1011e-005,-0.00263559
1.10111e-005,-0.00245876
1.10113e-005,-0.00206369
1.10117e-005,-0.0011347
1.1012e-005,-0.000366572
1.10121e-005,-0.000287026
1.10122e-005,-0.000155576
1.10126e-005,0.408642
1.10132e-005,3.14925
1.10145e-005,3.17812
1.1017e-005,3.18094
1.10222e-005,3.17659
1.10324e-005,3.16899
1.10529e-005,3.15265
1.10929e-005,2.85981
1.11329e-005,1.8616
1.11729e-005,1.26517
1.12129e-005,0.800239
1.12529e-005,0.559305
1.12929e-005,0.336215
1.13329e-005,0.252485
1.13729e-005,0.136031
1.14129e-005,0.11936
1.14529e-005,0.0500058
1.14929e-005,0.0615066
1.15329e-005,0.0133016
1.15729e-005,0.036178
1.16129e-005,7.1208e-008
1.16529e-005,0.0248856
1.16929e-005,-2.52882e-007
1.17329e-005,0.0196685
1.17729e-005,-3.74269e-007
1.18129e-005,0.0171001
1.18529e-005,-4.21275e-007
1.18929e-005,0.0157036
1.19329e-005,-4.32031e-007
1.19729e-005,0.0148405
1.2e-005,-4.20821e-007
1.20001e-005,-0.000174386
1.20003e-005,-0.000568236
1.20007e-005,-0.00151534
1.2001e-005,-0.00230949
1.20011e-005,-0.00237027
1.20012e-005,-0.00247457
1.20014e-005,-0.00262769
1.20018e-005,-0.00282188
1.20026e-005,-0.00296458
1.20043e-005,-0.00294759
1.20077e-005,-0.00277964
1.2011e-005,-0.00263561
1.20111e-005,-0.00245877
1.20113e-005,-0.00206371
1.20117e-005,-0.00113471
1.2012e-005,-0.000366583
1.20121e-005,-0.000287037
1.20122e-005,-0.000155584
1.20126e-005,0.408529
1.20132e-005,3.14925
1.20145e-005,3.17812
1.2017e-005,3.18095
1.20222e-005,3.17659
1.20324e-005,3.16899
1.20529e-005,3.15266
1.20929e-005,2.85982
1.21329e-005,1.86161
1.21729e-005,1.26518
1.22129e-005,0.800244
1.22529e-005,0.55931
1.22929e-005,0.336218
1.23329e-005,0.252488
1.23729e-005,0.136032
1.24129e-005,0.119361
1.24529e-005,0.0500062
1.24929e-005,0.0615075
1.25329e-005,0.0133016
1.25729e-005,0.0361786
1.26129e-005,7.12023e-008
1.26529e-005,0.024886
1.26929e-005,-2.52894e-007
1.27329e-005,0.0196689
1.27729e-005,-3.74278e-007
1.28129e-005,0.0171004
1.28529e-005,-4.21284e-007
1.28929e-005,0.0157038
1.29329e-005,-4.32038e-007
1.29729e-005,0.0148407
1.3e-005,-4.20827e-007
1.30001e-005,-0.000174386
1.30003e-005,-0.000568237
1.30007e-005,-0.00151534
1.3001e-005,-0.00230949
1.30011e-005,-0.00237027
1.30012e-005,-0.00247458
1.30014e-005,-0.0026277
1.30018e-005,-0.00282189
1.30026e-005,-0.0029646
1.30043e-005,-0.00294761
1.30077e-005,-0.00277965
1.3011e-005,-0.00263563
1.30111e-005,-0.00245879
1.30113e-005,-0.00206373
1.30117e-005,-0.00113472
1.3012e-005,-0.000366594
1.30121e-005,-0.000287047
1.30122e-005,-0.000155593
1.30126e-005,0.408417
1.30132e-005,3.14925
1.30145e-005,3.17812
1.3017e-005,3.18095
1.30222e-005,3.17659
1.30324e-005,3.16899
1.30529e-005,3.15266
1.30929e-005,2.85984
1.31329e-005,1.86162
1.31729e-005,1.26519
1.32129e-005,0.80025
1.32529e-005,0.559315
1.32929e-005,0.33622
1.33329e-005,0.25249
1.33729e-005,0.136033
1.34129e-005,0.119363
1.34529e-005,0.0500065
1.34929e-005,0.0615084
1.35329e-005,0.0133017
1.35729e-005,0.0361792
1.36129e-005,7.11965e-008
1.36529e-005,0.0248864
1.36929e-005,-2.52907e-007
1.37329e-005,0.0196692
1.37729e-005,-3.74287e-007
1.38129e-005,0.0171006
1.38529e-005,-4.21293e-007
1.38929e-005,0.015704
1.39329e-005,-4.32046e-007
1.39729e-005,0.0148408
1.4e-005,-4.20833e-007
1.40001e-005,-0.000174386
1.40003e-005,-0.000568237
1.40007e-005,-0.00151534
1.4001e-005,-0.0023095
1.40011e-005,-0.00237028
1.40012e-005,-0.00247459
1.40014e-005,-0.0026277
1.40018e-005,-0.0028219
1.40026e-005,-0.00296461
1.40043e-005,-0.00294762
1.40077e-005,-0.00277967
1.4011e-005,-0.00263565
1.40111e-005,-0.00245881
1.40113e-005,-0.00206374
1.40117e-005,-0.00113474
1.4012e-005,-0.000366605
1.40121e-005,-0.000287057
1.40122e-005,-0.000155601
1.40126e-005,0.408304
1.40132e-005,3.14925
1.40145e-005,3.17812
1.4017e-005,3.18095
1.40222e-005,3.17659
1.40324e-005,3.16899
1.40529e-005,3.15266
1.40929e-005,2.85986
1.41329e-005,1.86163
1.41729e-005,1.2652
1.42129e-005,0.800255
1.42529e-005,0.55932
1.42929e-005,0.336223
1.43329e-005,0.252493
1.43729e-005,0.136034
1.44129e-005,0.119364
1.44529e-005,0.0500069
1.44929e-005,0.0615093
1.45329e-005,0.0133017
1.45729e-005,0.0361798
1.46129e-005,7.11907e-008
1.46529e-005,0.0248868
1.46929e-005,-2.52919e-007
1.47329e-005,0.0196695
1.47729e-005,-3.74296e-007
1.48129e-005,0.0171009
1.48529e-005,-4.21301e-007
1.48929e-005,0.0157042
1.49329e-005,-4.32054e-007
1.49729e-005,0.014841
1.5e-005,-4.20839e-007
1.50001e-005,-0.000174387
1.50003e-005,-0.000568238
1.50007e-005,-0.00151535
1.5001e-005,-0.0023095
1.50011e-005,-0.00237029
1.50012e-005,-0.0024746
1.50014e-005,-0.00262771
1.50018e-005,-0.00282192
1.50026e-005,-0.00296463
1.50043e-005,-0.00294764
1.50077e-005,-0.00277969
1.5011e-005,-0.00263566
1.50111e-005,-0.00245883
1.50113e-005,-0.00206376
1.50117e-005,-0.00113475
1.5012e-005,-0.000366616
1.50121e-005,-0.000287067
1.50122e-005,-0.000155609
1.50126e-005,0.408192
1.50132e-005,3.14925
1.50145e-005,3.17812
1.5017e-005,3.18095
1.50222e-005,3.17659
1.50324e-005,3.16899
1.50529e-005,3.15266
1.50929e-005,2.85987
1.51329e-005,1.86164
1.51729e-005,1.26521
1.52129e-005,0.800261
1.52529e-005,0.559325
1.52929e-005,0.336226
1.53329e-005,0.252496
1.53729e-005,0.136035
1.54129e-005,0.119366
1.54529e-005,0.0500073
1.54929e-005,0.0615103
1.55329e-005,0.0133017
1.55729e-005,0.0361804
1.56129e-005,7.11849e-008
1.56529e-005,0.0248872
1.56929e-005,-2.52932e-007
1.57329e-005,0.0196698
1.57729e-005,-3.74306e-007
1.58129e-005,0.0171011
1.58529e-005,-4.2131e-007
1.58929e-005,0.0157044
1.59329e-005,-4.32062e-007
1.59729e-005,0.0148412
1.6e-005,-4.20845e-007
1.60001e-005,-0.000174387
1.60003e-005,-0.000568238
1.60007e-005,-0.00151535
1.6001e-005,-0.00230951
1.60011e-005,-0.00237029
1.60012e-005,-0.0024746
1.60014e-005,-0.00262772
1.60018e-005,-0.00282193
1.60026e-005,-0.00296464
1.60043e-005,-0.00294766
1.60077e-005,-0.0027797
1.6011e-005,-0.00263568
1.60111e-005,-0.00245884
1.60113e-005,-0.00206378
1.60117e-005,-0.00113477
1.6012e-005,-0.000366627
1.60121e-005,-0.000287077
1.60122e-005,-0.000155618
1.60126e-005,0.408079
1.60132e-005,3.14925
1.60145e-005,3.17812
1.6017e-005,3.18095
1.60222e-005,3.17659
1.60324e-005,3.16899
1.60529e-005,3.15266
1.60929e-005,2.85989
1.61329e-005,1.86165
1.61729e-005,1.26522
1.62129e-005,0.800266
1.62529e-005,0.55933
1.62929e-005,0.336228
1.63329e-005,0.252499
1.63729e-005,0.136036
1.64129e-005,0.119367
1.64529e-005,0.0500076
1.64929e-005,0.0615112
1.65329e-005,0.0133017
1.65729e-005,0.036181
1.66129e-005,7.11791e-008
1.66529e-005,0.0248877
1.66929e-005,-2.52944e-007
1.67329e-005,0.0196701
1.67729e-005,-3.74315e-007
1.68129e-005,0.0171014
1.68529e-005,-4.21319e-007
1.68929e-005,0.0157046
1.69329e-005,-4.3207e-007
1.69729e-005,0.0148413
1.7e-005,-4.20851e-007
1.70001e-005,-0.000174387
1.70003e-005,-0.000568239
1.70007e-005,-0.00151535
1.7001e-005,-0.00230952
1.70011e-005,-0.0023703
1.70012e-005,-0.00247461
1.70014e-005,-0.00262773
1.70018e-005,-0.00282194
1.70026e-005,-0.00296466
1.70043e-005,-0.00294767
1.70077e-005,-0.00277972
1.7011e-005,-0.0026357
1.70111e-005,-0.00245886
1.70113e-005,-0.0020638
1.70117e-005,-0.00113478
1.7012e-005,-0.000366639
1.70121e-005,-0.000287087
1.70122e-005,-0.000155626
1.70126e-005,0.407967
1.70132e-005,3.14925
1.70145e-005,3.17812
1.7017e-005,3.18095
1.70222e-005,3.17659
1.70324e-005,3.16899
1.70529e-005,3.15266
1.70929e-005,2.85991
1.71329e-005,1.86167
1.71729e-005,1.26522
1.72129e-005,0.800272
1.72529e-005,0.559335
1.72929e-005,0.336231
1.73329e-005,0.252501
1.73729e-005,0.136037
1.74129e-005,0.119369
1.74529e-005,0.050008
1.74929e-005,0.0615121
1.75329e-005,0.0133018
1.75729e-005,0.0361815
1.76129e-005,7.11732e-008
1.76529e-005,0.0248881
1.76929e-005,-2.52957e-007
1.77329e-005,0.0196704
1.77729e-005,-3.74324e-007
1.78129e-005,0.0171016
1.78529e-005,-4.21328e-007
1.78929e-005,0.0157048
1.79329e-005,-4.32077e-007
1.79729e-005,0.0148415
1.8e-005,-4.20858e-007
1.80001e-005,-0.000174387
1.80003e-005,-0.00056824
1.80007e-005,-0.00151535
1.8001e-005,-0.00230952
1.80011e-005,-0.0023703
1.80012e-005,-0.00247462
1.80014e-005,-0.00262774
1.80018e-005,-0.00282195
1.80026e-005,-0.00296467
1.80043e-005,-0.00294769
1.80077e-005,-0.00277974
1.8011e-005,-0.00263572
1.80111e-005,-0.00245888
1.80113e-005,-0.00206381
1.80117e-005,-0.0011348
1.8012e-005,-0.00036665
1.80121e-005,-0.000287098
1.80122e-005,-0.000155635
1.80126e-005,0.407855
1.80132e-005,3.14925
1.80145e-005,3.17812
1.8017e-005,3.18095
1.80222e-005,3.17659
1.80324e-005,3.16899
1.80529e-005,3.15266
1.80929e-005,2.85992
1.81329e-005,1.86168
1.81729e-005,1.26523
1.82129e-005,0.800277
1.82529e-005,0.55934
1.82929e-005,0.336233
1.83329e-005,0.252504
1.83729e-005,0.136038
1.84129e-005,0.11937
1.84529e-005,0.0500083
1.84929e-005,0.061513
1.85329e-005,0.0133018
1.85729e-005,0.0361821
1.86129e-005,7.11677e-008
1.86529e-005,0.0248885
1.86929e-005,-2.52969e-007
1.87329e-005,0.0196707
1.87729e-005,-3.74333e-007
1.88129e-005,0.0171018
1.88529e-005,-4.21337e-007
1.88929e-005,0.015705
1.89329e-005,-4.32085e-007
1.89729e-005,0.0148417
1.9e-005,-4.20864e-007
1.90001e-005,-0.000174387
1.90003e-005,-0.00056824
1.90007e-005,-0.00151536
1.9001e-005,-0.00230953
1.90011e-005,-0.00237031
1.90012e-005,-0.00247462
1.90014e-005,-0.00262775
1.90018e-005,-0.00282196
1.90026e-005,-0.00296469
1.90043e-005,-0.00294771
1.90077e-005,-0.00277976
1.9011e-005,-0.00263573
1.90111e-005,-0.0024589
1.90113e-005,-0.00206383
1.90117e-005,-0.00113481
1.9012e-005,-0.000366661
1.90121e-005,-0.000287108
1.90122e-005,-0.000155643
1.90126e-005,0.407742
1.90132e-005,3.14925
1.90145e-005,3.17812
1.9017e-005,3.18095
1.90222e-005,3.1766
1.90324e-005,3.16899
1.90529e-005,3.15266
1.90929e-005,2.85994
1.91329e-005,1.86169
1.91729e-005,1.26524
1.92129e-005,0.800283
1.92529e-005,0.559345
1.92929e-005,0.336236
1.93329e-005,0.252507
1.93729e-005,0.136039
1.94129e-005,0.119372
1.94529e-005,0.0500087
1.94929e-005,0.0615139
1.95329e-005,0.0133018
1.95729e-005,0.0361827
1.96129e-005,7.11618e-008
1.96529e-005,0.0248889
1.96929e-005,-2.52981e-007
1.97329e-005,0.019671
1.97729e-005,-3.74342e-007
1.98129e-005,0.0171021
1.98529e-005,-4.21346e-007
1.98929e-005,0.0157052
1.99329e-005,-4.32093e-007
1.99729e-005,0.0148419
2e-005,-4.2087e-007
2.00001e-005,-0.000174387
2.00003e-005,-0.000568241
2.00007e-005,-0.00151536
2.0001e-005,-0.00230953
2.00011e-005,-0.00237032
2.00012e-005,-0.00247463
2.00014e-005,-0.00262776
2.00018e-005,-0.00282197
2.00026e-005,-0.0029647
2.00043e-005,-0.00294772
2.00077e-005,-0.00277977
2.0011e-005,-0.00263575
2.00111e-005,-0.00245891
2.00113e-005,-0.00206385
2.00117e-005,-0.00113482
2.0012e-005,-0.000366672
2.00121e-005,-0.000287118
2.00122e-005,-0.000155652
2.00126e-005,0.40763
2.00132e-005,3.14925
2.00145e-005,3.17812
2.0017e-005,3.18095
2.00222e-005,3.1766
2.00324e-005,3.16899
2.00529e-005,3.15266
2.00929e-005,2.85996
2.01329e-005,1.8617
2.01729e-005,1.26525
2.02129e-005,0.800288
2.02529e-005,0.55935
2.02929e-005,0.336238
2.03329e-005,0.252509
2.03729e-005,0.13604
2.04129e-005,0.119374
2.04529e-005,0.0500091
2.04929e-005,0.0615149
2.05329e-005,0.0133018
2.05729e-005,0.0361833
2.06129e-005,7.11563e-008
2.06529e-005,0.0248893
2.06929e-005,-2.52993e-007
2.07329e-005,0.0196713
2.07729e-005,-3.74351e-007
2.08129e-005,0.0171023
2.08529e-005,-4.21354e-007
2.08929e-005,0.0157054
2.09329e-005,-4.321e-007
2.09729e-005,0.014842
2.1e-005,-4.20876e-007
2.10001e-005,-0.000174387
2.10003e-005,-0.000568241
2.10007e-005,-0.00151536
2.1001e-005,-0.00230954
2.10011e-005,-0.00237032
2.10012e-005,-0.00247464
2.10014e-005,-0.00262777
2.10018e-005,-0.00282199
2.10026e-005,-0.00296472
2.10043e-005,-0.00294774
2.10077e-005,-0.00277979
2.1011e-005,-0.00263577
2.10111e-005,-0.00245893
2.10113e-005,-0.00206386
2.10117e-005,-0.00113484
2.1012e-005,-0.000366683
2.10121e-005,-0.000287128
2.10122e-005,-0.00015566
2.10126e-005,0.407517
2.10132e-005,3.14925
2.10145e-005,3.17812
2.1017e-005,3.18095
2.10222e-005,3.1766
2.10324e-005,3.16899
2.10529e-005,3.15266
2.10929e-005,2.85998
2.11329e-005,1.86171
2.11729e-005,1.26526
2.12129e-005,0.800293
2.12529e-005,0.559355
2.12929e-005,0.336241
2.13329e-005,0.252512
2.13729e-005,0.136041
2.14129e-005,0.119375
2.14529e-005,0.0500094
2.14929e-005,0.0615158
2.15329e-005,0.0133019
2.15729e-005,0.0361839
2.16129e-005,7.11503e-008
2.16529e-005,0.0248897
2.16929e-005,-2.53006e-007
2.17329e-005,0.0196716
2.17729e-005,-3.7436e-007
2.18129e-005,0.0171026
2.18529e-005,-4.21363e-007
2.18929e-005,0.0157056
2.19329e-005,-4.32108e-007
2.19729e-005,0.0148422
2.2e-005,-4.20882e-007
2.20001e-005,-0.000174387
2.20003e-005,-0.000568242
2.20007e-005,-0.00151537
2.2001e-005,-0.00230954
2.20011e-005,-0.00237033
2.20012e-005,-0.00247464
2.20014e-005,-0.00262777
2.20018e-005,-0.002822
2.20026e-005,-0.00296473
2.20043e-005,-0.00294776
2.20077e-005,-0.00277981
2.2011e-005,-0.00263579
2.20111e-005,-0.00245895
2.20113e-005,-0.00206388
2.20117e-005,-0.00113485
2.2012e-005,-0.000366694
2.20121e-005,-0.000287138
2.20122e-005,-0.000155668
2.20126e-005,0.407405
2.20132e-005,3.14925
2.20145e-005,3.17811
2.2017e-005,3.18095
2.20222e-005,3.1766
2.20324e-005,3.16899
2.20529e-005,3.15266
2.20929e-005,2.85999
2.21329e-005,1.86172
2.21729e-005,1.26527
2.22129e-005,0.800299
2.22529e-005,0.55936
2.22929e-005,0.336244
2.23329e-005,0.252515
2.23729e-005,0.136043
2.24129e-005,0.119377
2.24529e-005,0.0500098
2.24929e-005,0.0615167
2.25329e-005,0.0133019
2.25729e-005,0.0361845
2.26129e-005,7.11447e-008
2.26529e-005,0.0248901
2.26929e-005,-2.53018e-007
2.27329e-005,0.019672
2.27729e-005,-3.74369e-007
2.28129e-005,0.0171028
2.28529e-005,-4.21372e-007
2.28929e-005,0.0157058
2.29329e-005,-4.32116e-007
2.29729e-005,0.0148424
2.3e-005,-4.20888e-007
2.30001e-005,-0.000174388
2.30003e-005,-0.000568243
2.30007e-005,-0.00151537
2.3001e-005,-0.00230955
2.30011e-005,-0.00237033
2.30012e-005,-0.00247465
2.30014e-005,-0.00262778
2.30018e-005,-0.00282201
2.30026e-005,-0.00296475
2.30043e-005,-0.00294777
2.30077e-005,-0.00277983
2.3011e-005,-0.00263581
2.30111e-005,-0.00245897
2.30113e-005,-0.0020639
2.30117e-005,-0.00113487
2.3012e-005,-0.000366705
2.30121e-005,-0.000287149
2.30122e-005,-0.000155677
2.30126e-005,0.407292
2.30132e-005,3.14925
2.30145e-005,3.17811
2.3017e-005,3.18096
2.30222e-005,3.1766
2.30324e-005,3.16899
2.30529e-005,3.15266
2.30929e-005,2.86001
2.31329e-005,1.86173
2.31729e-005,1.26528
2.32129e-005,0.800304
2.32529e-005,0.559365
2.32929e-005,0.336246
2.33329e-005,0.252518
2.33729e-005,0.136044
2.34129e-005,0.119378
2.34529e-005,0.0500102
2.34929e-005,0.0615176
2.35329e-005,0.0133019
2.35729e-005,0.0361851
2.36129e-005,7.11391e-008
2.36529e-005,0.0248905
2.36929e-005,-2.53031e-007
2.37329e-005,0.0196723
2.37729e-005,-3.74379e-007
2.38129e-005,0.0171031
2.38529e-005,-4.21381e-007
2.38929e-005,0.015706
2.39329e-005,-4.32124e-007
2.39729e-005,0.0148425
2.4e-005,-4.20894e-007
2.40001e-005,-0.000174388
2.40003e-005,-0.000568243
2.40007e-005,-0.00151537
2.4001e-005,-0.00230955
2.40011e-005,-0.00237034
2.40012e-005,-0.00247466
2.40014e-005,-0.00262779
2.40018e-005,-0.00282202
2.40026e-005,-0.00296476
2.40043e-005,-0.00294779
2.40077e-005,-0.00277984
2.4011e-005,-0.00263582
2.40111e-005,-0.00245898
2.40113e-005,-0.00206392
2.40117e-005,-0.00113488
2.4012e-005,-0.000366716
2.40121e-005,-0.000287159
2.40122e-005,-0.000155685
2.40126e-005,0.40718
2.40132e-005,3.14925
2.40145e-005,3.17811
2.4017e-005,3.18096
2.40222e-005,3.1766
2.40324e-005,3.16899
2.40529e-005,3.15266
2.40929e-005,2.86003
2.41329e-005,1.86174
2.41729e-005,1.26529
2.42129e-005,0.80031
2.42529e-005,0.55937
2.42929e-005,0.336249
2.43329e-005,0.25252
2.43729e-005,0.136045
2.44129e-005,0.11938
2.44529e-005,0.0500105
2.44929e-005,0.0615185
2.45329e-005,0.0133019
2.45729e-005,0.0361857
2.46129e-005,7.11332e-008
2.46529e-005,0.024891
2.46929e-005,-2.53043e-007
2.47329e-005,0.0196726
2.47729e-005,-3.74388e-007
2.48129e-005,0.0171033
2.48529e-005,-4.2139e-007
2.48929e-005,0.0157062
2.49329e-005,-4.32131e-007
2.49729e-005,0.0148427
2.5e-005,-4.209e-007
2.50001e-005,-0.000174388
2.50003e-005,-0.000568244
2.50007e-005,-0.00151537
2.5001e-005,-0.00230956
2.50011e-005,-0.00237035
2.50012e-005,-0.00247467
2.50014e-005,-0.0026278
2.50018e-005,-0.00282203
2.50026e-005,-0.00296478
2.50043e-005,-0.00294781
2.50077e-005,-0.00277986
2.5011e-005,-0.00263584
2.50111e-005,-0.002459
2.50113e-005,-0.00206393
2.50117e-005,-0.0011349
2.5012e-005,-0.000366727
2.50121e-005,-0.000287169
2.50122e-005,-0.000155694
2.50126e-005,0.407068
2.50132e-005,3.14925
2.50145e-005,3.17811
2.5017e-005,3.18096
2.50222e-005,3.1766
2.50324e-005,3.16899
2.50529e-005,3.15266
2.50929e-005,2.86004
2.51329e-005,1.86175
2.51729e-005,1.2653
2.52129e-005,0.800315
2.52529e-005,0.559375
2.52929e-005,0.336251
2.53329e-005,0.252523
2.53729e-005,0.136046
2.54129e-005,0.119381
2.54529e-005,0.0500109
2.54929e-005,0.0615195
2.55329e-005,0.013302
2.55729e-005,0.0361863
2.56129e-005,7.11271e-008
2.56529e-005,0.0248914
2.56929e-005,-2.53056e-007
2.57329e-005,0.0196729
2.57729e-005,-3.74397e-007
2.58129e-005,0.0171036
2.58529e-005,-4.21399e-007
2.58929e-005,0.0157064
2.59329e-005,-4.3214e-007
2.59729e-005,0.0148429
2.6e-005,-4.20906e-007
2.60001e-005,-0.000174388
2.60003e-005,-0.000568244
2.60007e-005,-0.00151538
2.6001e-005,-0.00230956
2.60011e-005,-0.00237035
2.60012e-005,-0.00247467
2.60014e-005,-0.00262781
2.60018e-005,-0.00282204
2.60026e-005,-0.00296479
2.60043e-005,-0.00294782
2.60077e-005,-0.00277988
2.6011e-005,-0.00263586
2.60111e-005,-0.00245902
2.60113e-005,-0.00206395
2.60117e-005,-0.00113491
2.6012e-005,-0.000366739
2.60121e-005,-0.000287179
2.60122e-005,-0.000155702
2.60126e-005,0.406955
2.60132e-005,3.14925
2.60145e-005,3.17811
2.6017e-005,3.18096
2.60222e-005,3.1766
2.60324e-005,3.16899
2.60529e-005,3.15266
2.60929e-005,2.86006
2.61329e-005,1.86176
2.61729e-005,1.26531
2.62129e-005,0.800321
2.62529e-005,0.55938
2.62929e-005,0.336254
2.63329e-005,0.252526
2.63729e-005,0.136047
2.64129e-005,0.119383
2.64529e-005,0.0500112
2.64929e-005,0.0615204
2.65329e-005,0.013302
2.65729e-005,0.0361869
2.66129e-005,7.11215e-008
2.66529e-005,0.0248918
2.66929e-005,-2.53068e-007
2.67329e-005,0.0196732
2.67729e-005,-3.74406e-007
2.68129e-005,0.0171038
2.68529e-005,-4.21408e-007
2.68929e-005,0.0157066
2.69329e-005,-4.32147e-007
2.69729e-005,0.014843
2.7e-005,-4.20912e-007
2.70001e-005,-0.000174388
2.70003e-005,-0.000568245
2.70007e-005,-0.00151538
2.7001e-005,-0.00230957
2.70011e-005,-0.00237036
2.70012e-005,-0.00247468
2.70014e-005,-0.00262782
2.70018e-005,-0.00282206
2.70026e-005,-0.00296481
2.70043e-005,-0.00294784
2.70077e-005,-0.00277989
2.7011e-005,-0.00263588
2.70111e-005,-0.00245904
2.70113e-005,-0.00206397
2.70117e-005,-0.00113492
2.7012e-005,-0.00036675
2.70121e-005,-0.000287189
2.70122e-005,-0.000155711
2.70126e-005,0.406843
2.70132e-005,3.14925
2.70145e-005,3.17811
2.7017e-005,3.18096
2.70222e-005,3.1766
2.70324e-005,3.16899
2.70529e-005,3.15266
2.70929e-005,2.86008
2.71329e-005,1.86177
2.71729e-005,1.26532
2.72129e-005,0.800326
2.72529e-005,0.559385
2.72929e-005,0.336256
2.73329e-005,0.252529
2.73729e-005,0.136048
2.74129e-005,0.119384
2.74529e-005,0.0500116
2.74929e-005,0.0615213
2.75329e-005,0.013302
2.75729e-005,0.0361875
2.76129e-005,7.11159e-008
2.76529e-005,0.0248922
2.76929e-005,-2.53081e-007
2.77329e-005,0.0196735
2.77729e-005,-3.74415e-007
2.78129e-005,0.017104
2.78529e-005,-4.21416e-007
2.78929e-005,0.0157068
2.79329e-005,-4.32155e-007
2.79729e-005,0.0148432
2.8e-005,-4.20918e-007
2.80001e-005,-0.000174388
2.80003e-005,-0.000568245
2.80007e-005,-0.00151538
2.8001e-005,-0.00230957
2.80011e-005,-0.00237036
2.80012e-005,-0.00247469
2.80014e-005,-0.00262783
2.80018e-005,-0.00282207
2.80026e-005,-0.00296482
2.80043e-005,-0.00294786
2.80077e-005,-0.00277991
2.8011e-005,-0.00263589
2.80111e-005,-0.00245906
2.80113e-005,-0.00206398
2.80117e-005,-0.00113494
2.8012e-005,-0.000366761
2.80121e-005,-0.000287199
2.80122e-005,-0.000155719
2.80126e-005,0.406731
2.80132e-005,3.14925
2.80145e-005,3.17811
2.8017e-005,3.18096
2.80222e-005,3.1766
2.80324e-005,3.16899
2.80529e-005,3.15266
2.80929e-005,2.86009
2.81329e-005,1.86179
2.81729e-005,1.26533
2.82129e-005,0.800332
2.82529e-005,0.55939
2.82929e-005,0.336259
2.83329e-005,0.252531
2.83729e-005,0.136049
2.84129e-005,0.119386
2.84529e-005,0.050012
2.84929e-005,0.0615222
2.85329e-005,0.013302
2.85729e-005,0.0361881
2.86129e-005,7.11101e-008
2.86529e-005,0.0248926
2.86929e-005,-2.53093e-007
2.87329e-005,0.0196738
2.87729e-005,-3.74424e-007
2.88129e-005,0.0171043
2.88529e-005,-4.21425e-007
2.88929e-005,0.015707
2.89329e-005,-4.32163e-007
2.89729e-005,0.0148434
2.9e-005,-4.20924e-007
2.90001e-005,-0.000174388
2.90003e-005,-0.000568246
2.90007e-005,-0.00151539
2.9001e-005,-0.00230958
2.90011e-005,-0.00237037
2.90012e-005,-0.00247469
2.90014e-005,-0.00262784
2.90018e-005,-0.00282208
2.90026e-005,-0.00296484
2.90043e-005,-0.00294787
2.90077e-005,-0.00277993
2.9011e-005,-0.00263591
2.90111e-005,-0.00245907
2.90113e-005,-0.002064
2.90117e-005,-0.00113495
2.9012e-005,-0.000366772
2.90121e-005,-0.00028721
2.90122e-005,-0.000155727
2.90126e-005,0.406618
2.90132e-005,3.14925
2.90145e-005,3.17811
2.9017e-005,3.18096
2.90222e-005,3.1766
2.90324e-005,3.16899
2.90529e-005,3.15266
2.90929e-005,2.86011
2.91329e-005,1.8618
2.91729e-005,1.26533
2.92129e-005,0.800337
2.92529e-005,0.559395
2.92929e-005,0.336262
2.93329e-005,0.252534
2.93729e-005,0.13605
2.94129e-005,0.119387
2.94529e-005,0.0500123
2.94929e-005,0.0615231
2.95329e-005,0.0133021
2.95729e-005,0.0361886
2.96129e-005,7.11041e-008
2.96529e-005,0.024893
2.96929e-005,-2.53106e-007
2.97329e-005,0.0196741
2.97729e-005,-3.74434e-007
2.98129e-005,0.0171045
2.98529e-005,-4.21434e-007
2.98929e-005,0.0157072
2.99329e-005,-4.32171e-007
2.99729e-005,0.0148435
3e-005,-4.20931e-007
3.00001e-005,-0.000174388
3.00003e-005,-0.000568247
3.00007e-005,-0.00151539
3.0001e-005,-0.00230959
3.00011e-005,-0.00237038
3.00012e-005,-0.0024747
3.00014e-005,-0.00262785
3.00018e-005,-0.00282209
3.00026e-005,-0.00296485
3.00043e-005,-0.00294789
3.00077e-005,-0.00277995
3.0011e-005,-0.00263593
3.00111e-005,-0.00245909
3.00113e-005,-0.00206402
3.00117e-005,-0.00113497
3.0012e-005,-0.000366783
3.00121e-005,-0.00028722
3.00122e-005,-0.000155736
3.00126e-005,0.406506
3.00132e-005,3.14925
3.00145e-005,3.17811
3.0017e-005,3.18096
3.00222e-005,3.17661
3.00324e-005,3.16899
3.00529e-005,3.15266
3.00929e-005,2.86013
3.01329e-005,1.86181
3.01729e-005,1.26534
3.02129e-005,0.800343
3.02529e-005,0.5594
3.02929e-005,0.336264
3.03329e-005,0.252537
3.03729e-005,0.136051
3.04129e-005,0.119389
3.04529e-005,0.0500127
3.04929e-005,0.061524
3.05329e-005,0.0133021
3.05729e-005,0.0361892
3.06129e-005,7.10985e-008
3.06529e-005,0.0248934
3.06929e-005,-2.53118e-007
3.07329e-005,0.0196744
3.07729e-005,-3.74443e-007
3.08129e-005,0.0171048
3.08529e-005,-4.21443e-007
3.08929e-005,0.0157074
3.09329e-005,-4.32178e-007
3.09729e-005,0.0148437
3.1e-005,-4.20937e-007
3.10001e-005,-0.000174389
3.10003e-005,-0.000568247
3.10007e-005,-0.00151539
3.1001e-005,-0.00230959
3.10011e-005,-0.00237038
3.10012e-005,-0.00247471
3.10014e-005,-0.00262785
3.10018e-005,-0.0028221
3.10026e-005,-0.00296487
3.10043e-005,-0.00294791
3.10077e-005,-0.00277996
3.1011e-005,-0.00263595
3.10111e-005,-0.00245911
3.10113e-005,-0.00206403
3.10117e-005,-0.00113498
3.1012e-005,-0.000366794
3.10121e-005,-0.00028723
3.10122e-005,-0.000155744
3.10126e-005,0.406394
3.10132e-005,3.14925
3.10145e-005,3.17811
3.1017e-005,3.18096
3.10222e-005,3.17661
3.10324e-005,3.16899
3.10529e-005,3.15266
3.10929e-005,2.86014
3.11329e-005,1.86182
3.11729e-005,1.26535
3.12129e-005,0.800348
3.12529e-005,0.559405
3.12929e-005,0.336267
3.13329e-005,0.252539
3.13729e-005,0.136052
3.14129e-005,0.11939
3.14529e-005,0.050013
3.14929e-005,0.061525
3.15329e-005,0.0133021
3.15729e-005,0.0361898
3.16129e-005,7.10929e-008
3.16529e-005,0.0248938
3.16929e-005,-2.5313e-007
3.17329e-005,0.0196747
3.17729e-005,-3.74452e-007
3.18129e-005,0.017105
3.18529e-005,-4.21452e-007
3.18929e-005,0.0157076
3.19329e-005,-4.32186e-007
3.19729e-005,0.0148439
3.2e-005,-4.20943e-007
3.20001e-005,-0.000174389
3.20003e-005,-0.000568248
3.20007e-005,-0.00151539
3.2001e-005,-0.0023096
3.20011e-005,-0.00237039
3.20012e-005,-0.00247471
3.20014e-005,-0.00262786
3.20018e-005,-0.00282211
3.20026e-005,-0.00296488
3.20043e-005,-0.00294792
3.20077e-005,-0.00277998
3.2011e-005,-0.00263597
3.20111e-005,-0.00245913
3.20113e-005,-0.00206405
3.20117e-005,-0.001135
3.2012e-005,-0.000366805
3.20121e-005,-0.00028724
3.20122e-005,-0.000155753
3.20126e-005,0.406281
3.20132e-005,3.14925
3.20145e-005,3.17811
3.2017e-005,3.18096
3.20222e-005,3.17661
3.20324e-005,3.169
3.20529e-005,3.15266
3.20929e-005,2.86016
3.21329e-005,1.86183
3.21729e-005,1.26536
3.22129e-005,0.800354
3.22529e-005,0.55941
3.22929e-005,0.336269
3.23329e-005,0.252542
3.23729e-005,0.136053
3.24129e-005,0.119392
3.24529e-005,0.0500134
3.24929e-005,0.0615259
3.25329e-005,0.0133021
3.25729e-005,0.0361904
3.26129e-005,7.10873e-008
3.26529e-005,0.0248943
3.26929e-005,-2.53142e-007
3.27329e-005,0.019675
3.27729e-005,-3.74461e-007
3.28129e-005,0.0171053
3.28529e-005,-4.2146e-007
3.28929e-005,0.0157078
3.29329e-005,-4.32194e-007
3.29729e-005,0.014844
3.3e-005,-4.20949e-007
3.30001e-005,-0.000174389
3.30003e-005,-0.000568248
3.30007e-005,-0.0015154
3.3001e-005,-0.0023096
3.30011e-005,-0.00237039
3.30012e-005,-0.00247472
3.30014e-005,-0.00262787
3.30018e-005,-0.00282212
3.30026e-005,-0.0029649
3.30043e-005,-0.00294794
3.30077e-005,-0.00278
3.3011e-005,-0.00263598
3.30111e-005,-0.00245914
3.30113e-005,-0.00206407
3.30117e-005,-0.00113501
3.3012e-005,-0.000366816
3.30121e-005,-0.00028725
3.30122e-005,-0.000155761
3.30126e-005,0.406169
3.30132e-005,3.14925
3.30145e-005,3.17811
3.3017e-005,3.18096
3.30222e-005,3.17661
3.30324e-005,3.169
3.30529e-005,3.15266
3.30929e-005,2.86018
3.31329e-005,1.86184
3.31729e-005,1.26537
3.32129e-005,0.800359
3.32529e-005,0.559415
3.32929e-005,0.336272
3.33329e-005,0.252545
3.33729e-005,0.136054
3.34129e-005,0.119394
3.34529e-005,0.0500138
3.34929e-005,0.0615268
3.35329e-005,0.0133022
3.35729e-005,0.036191
3.36129e-005,7.10812e-008
3.36529e-005,0.0248947
3.36929e-005,-2.53155e-007
3.37329e-005,0.0196754
3.37729e-005,-3.7447e-007
3.38129e-005,0.0171055
3.38529e-005,-4.21469e-007
3.38929e-005,0.015708
3.39329e-005,-4.32202e-007
3.39729e-005,0.0148442
3.4e-005,-4.20955e-007
3.40001e-005,-0.000174389
3.40003e-005,-0.000568249
3.40007e-005,-0.0015154
3.4001e-005,-0.00230961
3.40011e-005,-0.0023704
3.40012e-005,-0.00247473
3.40014e-005,-0.00262788
3.40018e-005,-0.00282214
3.40026e-005,-0.00296491
3.40043e-005,-0.00294796
3.40077e-005,-0.00278001
3.4011e-005,-0.002636
3.40111e-005,-0.00245916
3.40113e-005,-0.00206409
3.40117e-005,-0.00113503
3.4012e-005,-0.000366827
3.40121e-005,-0.00028726
3.40122e-005,-0.000155769
3.40126e-005,0.406057
3.40132e-005,3.14925
3.40145e-005,3.17811
3.4017e-005,3.18096
3.40222e-005,3.17661
3.40324e-005,3.169
3.40529e-005,3.15266
3.40929e-005,2.86019
3.41329e-005,1.86185
3.41729e-005,1.26538
3.42129e-005,0.800364
3.42529e-005,0.55942
3.42929e-005,0.336274
3.43329e-005,0.252548
3.43729e-005,0.136056
3.44129e-005,0.119395
3.44529e-005,0.0500141
3.44929e-005,0.0615277
3.45329e-005,0.0133022
3.45729e-005,0.0361916
3.46129e-005,7.10755e-008
3.46529e-005,0.0248951
3.46929e-005,-2.53168e-007
3.47329e-005,0.0196757
3.47729e-005,-3.74479e-007
3.48129e-005,0.0171058
3.48529e-005,-4.21478e-007
3.48929e-005,0.0157082
3.49329e-005,-4.3221e-007
3.49729e-005,0.0148444
3.5e-005,-4.20961e-007
3.50001e-005,-0.000174389
3.50003e-005,-0.000568249
3.50007e-005,-0.0015154
3.5001e-005,-0.00230961
3.50011e-005,-0.00237041
3.50012e-005,-0.00247474
3.50014e-005,-0.00262789
3.50018e-005,-0.00282215
3.50026e-005,-0.00296493
3.50043e-005,-0.00294798
3.50077e-005,-0.00278003
3.5011e-005,-0.00263602
3.50111e-005,-0.00245918
3.50113e-005,-0.0020641
3.50117e-005,-0.00113504
3.5012e-005,-0.000366838
3.50121e-005,-0.000287271
3.50122e-005,-0.000155778
3.50126e-005,0.405944
3.50132e-005,3.14925
3.50145e-005,3.17811
3.5017e-005,3.18097
3.50222e-005,3.17661
3.50324e-005,3.169
3.50529e-005,3.15267
3.50929e-005,2.86021
3.51329e-005,1.86186
3.51729e-005,1.26539
3.52129e-005,0.80037
3.52529e-005,0.559425
3.52929e-005,0.336277
3.53329e-005,0.25255
3.53729e-005,0.136057
3.54129e-005,0.119397
3.54529e-005,0.0500145
3.54929e-005,0.0615286
3.55329e-005,0.0133022
3.55729e-005,0.0361922
3.56129e-005,7.10697e-008
3.56529e-005,0.0248955
3.56929e-005,-2.5318e-007
3.57329e-005,0.019676
3.57729e-005,-3.74488e-007
3.58129e-005,0.017106
3.58529e-005,-4.21487e-007
3.58929e-005,0.0157084
3.59329e-005,-4.32217e-007
3.59729e-005,0.0148445
3.6e-005,-4.20967e-007
3.60001e-005,-0.000174389
3.60003e-005,-0.00056825
3.60007e-005,-0.0015154
3.6001e-005,-0.00230962
3.60011e-005,-0.00237041
3.60012e-005,-0.00247474
3.60014e-005,-0.0026279
3.60018e-005,-0.00282216
3.60026e-005,-0.00296494
3.60043e-005,-0.00294799
3.60077e-005,-0.00278005
3.6011e-005,-0.00263604
3.60111e-005,-0.0024592
3.60113e-005,-0.00206412
3.60117e-005,-0.00113505
3.6012e-005,-0.00036685
3.60121e-005,-0.000287281
3.60122e-005,-0.000155786
3.60126e-005,0.405832
3.60132e-005,3.14925
3.60145e-005,3.17811
3.6017e-005,3.18097
3.60222e-005,3.17661
3.60324e-005,3.169
3.60529e-005,3.15267
3.60929e-005,2.86023
3.61329e-005,1.86187
3.61729e-005,1.2654
3.62129e-005,0.800375
3.62529e-005,0.55943
3.62929e-005,0.33628
3.63329e-005,0.252553
3.63729e-005,0.136058
3.64129e-005,0.119398
3.64529e-005,0.0500148
3.64929e-005,0.0615295
3.65329e-005,0.0133022
3.65729e-005,0.0361928
3.66129e-005,7.1064e-008
3.66529e-005,0.0248959
3.66929e-005,-2.53193e-007
3.67329e-005,0.0196763
3.67729e-005,-3.74498e-007
3.68129e-005,0.0171063
3.68529e-005,-4.21496e-007
3.68929e-005,0.0157086
3.69329e-005,-4.32225e-007
3.69729e-005,0.0148447
3.7e-005,-4.20973e-007
3.70001e-005,-0.000174389
3.70003e-005,-0.000568251
3.70007e-005,-0.00151541
3.7001e-005,-0.00230962
3.70011e-005,-0.00237042
3.70012e-005,-0.00247475
3.70014e-005,-0.00262791
3.70018e-005,-0.00282217
3.70026e-005,-0.00296496
3.70043e-005,-0.00294801
3.70077e-005,-0.00278007
3.7011e-005,-0.00263605
3.70111e-005,-0.00245921
3.70113e-005,-0.00206414
3.70117e-005,-0.00113507
3.7012e-005,-0.000366861
3.70121e-005,-0.000287291
3.70122e-005,-0.000155795
3.70126e-005,0.40572
3.70132e-005,3.14925
3.70145e-005,3.17811
3.7017e-005,3.18097
3.70222e-005,3.17661
3.70324e-005,3.169
3.70529e-005,3.15267
3.70929e-005,2.86025
3.71329e-005,1.86188
3.71729e-005,1.26541
3.72129e-005,0.800381
3.72529e-005,0.559435
3.72929e-005,0.336282
3.73329e-005,0.252556
3.73729e-005,0.136059
3.74129e-005,0.1194
3.74529e-005,0.0500152
3.74929e-005,0.0615305
3.75329e-005,0.0133023
3.75729e-005,0.0361934
3.76129e-005,7.10584e-008
3.76529e-005,0.0248963
3.76929e-005,-2.53205e-007
3.77329e-005,0.0196766
3.77729e-005,-3.74506e-007
3.78129e-005,0.0171065
3.78529e-005,-4.21505e-007
3.78929e-005,0.0157088
3.79329e-005,-4.32233e-007
3.79729e-005,0.0148449
3.8e-005,-4.20979e-007
3.80001e-005,-0.000174389
3.80003e-005,-0.000568251
3.80007e-005,-0.00151541
3.8001e-005,-0.00230963
3.80011e-005,-0.00237042
3.80012e-005,-0.00247476
3.80014e-005,-0.00262792
3.80018e-005,-0.00282218
3.80026e-005,-0.00296497
3.80043e-005,-0.00294803
3.80077e-005,-0.00278008
3.8011e-005,-0.00263607
3.80111e-005,-0.00245923
3.80113e-005,-0.00206415
3.80117e-005,-0.00113508
3.8012e-005,-0.000366872
3.80121e-005,-0.000287301
3.80122e-005,-0.000155803
3.80126e-005,0.405607
3.80132e-005,3.14925
3.80145e-005,3.17811
3.8017e-005,3.18097
3.80222e-005,3.17661
3.80324e-005,3.169
3.80529e-005,3.15267
3.80929e-005,2.86026
3.81329e-005,1.86189
3.81729e-005,1.26542
3.82129e-005,0.800386
3.82529e-005,0.55944
3.82929e-005,0.336285
3.83329e-005,0.252558
3.83729e-005,0.13606
3.84129e-005,0.119401
3.84529e-005,0.0500156
3.84929e-005,0.0615314
3.85329e-005,0.0133023
3.85729e-005,0.036194
3.86129e-005,7.10524e-008
3.86529e-005,0.0248967
3.86929e-005,-2.53218e-007
3.87329e-005,0.0196769
3.87729e-005,-3.74516e-007
3.88129e-005,0.0171067
3.88529e-005,-4.21513e-007
3.88929e-005,0.015709
3.89329e-005,-4.3224e-007
3.89729e-005,0.0148451
3.9e-005,-4.20985e-007
3.90001e-005,-0.000174389
3.90003e-005,-0.000568252
3.90007e-005,-0.00151541
3.9001e-005,-0.00230963
3.90011e-005,-0.00237043
3.90012e-005,-0.00247476
3.90014e-005,-0.00262792
3.90018e-005,-0.00282219
3.90026e-005,-0.00296498
3.90043e-005,-0.00294804
3.90077e-005,-0.0027801
3.9011e-005,-0.00263609
3.90111e-005,-0.00245925
3.90113e-005,-0.00206417
3.90117e-005,-0.0011351
3.9012e-005,-0.000366883
3.90121e-005,-0.000287311
3.90122e-005,-0.000155812
3.90126e-005,0.405495
3.90132e-005,3.14925
3.90145e-005,3.17811
3.9017e-005,3.18097
3.90222e-005,3.17661
3.90324e-005,3.169
3.90529e-005,3.15267
3.90929e-005,2.86028
3.91329e-005,1.86191
3.91729e-005,1.26543
3.92129e-005,0.800392
3.92529e-005,0.559445
3.92929e-005,0.336287
3.93329e-005,0.252561
3.93729e-005,0.136061
3.94129e-005,0.119403
3.94529e-005,0.0500159
3.94929e-005,0.0615323
3.95329e-005,0.0133023
3.95729e-005,0.0361946
3.96129e-005,7.10465e-008
3.96529e-005,0.0248972
3.96929e-005,-2.5323e-007
3.97329e-005,0.0196772
3.97729e-005,-3.74525e-007
3.98129e-005,0.017107
3.98529e-005,-4.21522e-007
3.98929e-005,0.0157092
3.99329e-005,-4.32249e-007
3.99729e-005,0.0148452
4e-005,-4.20991e-007
4.00001e-005,-0.00017439
4.00003e-005,-0.000568252
4.00007e-005,-0.00151542
4.0001e-005,-0.00230964
4.00011e-005,-0.00237043
4.00012e-005,-0.00247477
4.00014e-005,-0.00262793
4.00018e-005,-0.00282221
4.00026e-005,-0.002965
4.00043e-005,-0.00294806
4.00077e-005,-0.00278012
4.0011e-005,-0.00263611
4.00111e-005,-0.00245927
4.00113e-005,-0.00206419
4.00117e-005,-0.00113511
4.0012e-005,-0.000366894
4.00121e-005,-0.000287321
4.00122e-005,-0.00015582
4.00126e-005,0.405383
4.00132e-005,3.14925
4.00145e-005,3.17811
4.0017e-005,3.18097
4.00222e-005,3.17662
4.00324e-005,3.169
4.00529e-005,3.15267
4.00929e-005,2.8603
4.01329e-005,1.86192
4.01729e-005,1.26544
4.02129e-005,0.800397
4.02529e-005,0.559449
4.02929e-005,0.33629
4.03329e-005,0.252564
4.03729e-005,0.136062
4.04129e-005,0.119404
4.04529e-005,0.0500163
4.04929e-005,0.0615332
4.05329e-005,0.0133023
4.05729e-005,0.0361951
4.06129e-005,7.10411e-008
4.06529e-005,0.0248976
4.06929e-005,-2.53242e-007
4.07329e-005,0.0196775
4.07729e-005,-3.74534e-007
4.08129e-005,0.0171072
4.08529e-005,-4.21531e-007
4.08929e-005,0.0157094
4.09329e-005,-4.32256e-007
4.09729e-005,0.0148454
4.1e-005,-4.20997e-007
4.10001e-005,-0.00017439
4.10003e-005,-0.000568253
4.10007e-005,-0.00151542
4.1001e-005,-0.00230965
4.10011e-005,-0.00237044
4.10012e-005,-0.00247478
4.10014e-005,-0.00262794
4.10018e-005,-0.00282222
4.10026e-005,-0.00296501
4.10043e-005,-0.00294808
4.10077e-005,-0.00278013
4.1011e-005,-0.00263613
4.10111e-005,-0.00245928
4.10113e-005,-0.00206421
4.10117e-005,-0.00113513
4.1012e-005,-0.000366905
4.10121e-005,-0.000287332
4.10122e-005,-0.000155828
4.10126e-005,0.40527
4.10132e-005,3.14925
4.10145e-005,3.17811
4.1017e-005,3.18097
4.10222e-005,3.17662
4.10324e-005,3.169
4.10529e-005,3.15267
4.10929e-005,2.86031
4.11329e-005,1.86193
4.11729e-005,1.26544
4.12129e-005,0.800403
4.12529e-005,0.559454
4.12929e-005,0.336292
4.13329e-005,0.252567
4.13729e-005,0.136063
4.14129e-005,0.119406
4.14529e-005,0.0500166
4.14929e-005,0.0615341
4.15329e-005,0.0133024
4.15729e-005,0.0361957
4.16129e-005,7.10352e-008
4.16529e-005,0.024898
4.16929e-005,-2.53255e-007
4.17329e-005,0.0196778
4.17729e-005,-3.74543e-007
4.18129e-005,0.0171075
4.18529e-005,-4.2154e-007
4.18929e-005,0.0157096
4.19329e-005,-4.32264e-007
4.19729e-005,0.0148456
4.2e-005,-4.21003e-007
4.20001e-005,-0.00017439
4.20003e-005,-0.000568254
4.20007e-005,-0.00151542
4.2001e-005,-0.00230965
4.20011e-005,-0.00237045
4.20012e-005,-0.00247478
4.20014e-005,-0.00262795
4.20018e-005,-0.00282223
4.20026e-005,-0.00296503
4.20043e-005,-0.00294809
4.20077e-005,-0.00278015
4.2011e-005,-0.00263614
4.20111e-005,-0.0024593
4.20113e-005,-0.00206422
4.20117e-005,-0.00113514
4.2012e-005,-0.000366916
4.20121e-005,-0.000287342
4.20122e-005,-0.000155837
4.20126e-005,0.405158
4.20132e-005,3.14925
4.20145e-005,3.17811
4.2017e-005,3.18097
4.20222e-005,3.17662
4.20324e-005,3.169
4.20529e-005,3.15267
4.20929e-005,2.86033
4.21329e-005,1.86194
4.21729e-005,1.26545
4.22129e-005,0.800408
4.22529e-005,0.559459
4.22929e-005,0.336295
4.23329e-005,0.252569
4.23729e-005,0.136064
4.24129e-005,0.119407
4.24529e-005,0.050017
4.24929e-005,0.0615351
4.25329e-005,0.0133024
4.25729e-005,0.0361963
4.26129e-005,7.10294e-008
4.26529e-005,0.0248984
4.26929e-005,-2.53267e-007
4.27329e-005,0.0196781
4.27729e-005,-3.74552e-007
4.28129e-005,0.0171077
4.28529e-005,-4.21549e-007
4.28929e-005,0.0157098
4.29329e-005,-4.32272e-007
4.29729e-005,0.0148457
4.3e-005,-4.2101e-007
4.30001e-005,-0.00017439
4.30003e-005,-0.000568254
4.30007e-005,-0.00151542
4.3001e-005,-0.00230966
4.30011e-005,-0.00237045
4.30012e-005,-0.00247479
4.30014e-005,-0.00262796
4.30018e-005,-0.00282224
4.30026e-005,-0.00296504
4.30043e-005,-0.00294811
4.30077e-005,-0.00278017
4.3011e-005,-0.00263616
4.30111e-005,-0.00245932
4.30113e-005,-0.00206424
4.30117e-005,-0.00113515
4.3012e-005,-0.000366927
4.30121e-005,-0.000287352
4.30122e-005,-0.000155845
4.30126e-005,0.405046
4.30132e-005,3.14925
4.30145e-005,3.17811
4.3017e-005,3.18097
4.30222e-005,3.17662
4.30324e-005,3.169
4.30529e-005,3.15267
4.30929e-005,2.86035
4.31329e-005,1.86195
4.31729e-005,1.26546
4.32129e-005,0.800414
4.32529e-005,0.559464
4.32929e-005,0.336298
4.33329e-005,0.252572
4.33729e-005,0.136065
4.34129e-005,0.119409
4.34529e-005,0.0500174
4.34929e-005,0.061536
4.35329e-005,0.0133024
4.35729e-005,0.0361969
4.36129e-005,7.10236e-008
4.36529e-005,0.0248988
4.36929e-005,-2.5328e-007
4.37329e-005,0.0196785
4.37729e-005,-3.74561e-007
4.38129e-005,0.017108
4.38529e-005,-4.21558e-007
4.38929e-005,0.01571
4.39329e-005,-4.32279e-007
4.39729e-005,0.0148459
4.4e-005,-4.21016e-007
4.40001e-005,-0.00017439
4.40003e-005,-0.000568255
4.40007e-005,-0.00151543
4.4001e-005,-0.00230966
4.40011e-005,-0.00237046
4.40012e-005,-0.0024748
4.40014e-005,-0.00262797
4.40018e-005,-0.00282225
4.40026e-005,-0.00296506
4.40043e-005,-0.00294813
4.40077e-005,-0.00278019
4.4011e-005,-0.00263618
4.40111e-005,-0.00245934
4.40113e-005,-0.00206426
4.40117e-005,-0.00113517
4.4012e-005,-0.000366938
4.40121e-005,-0.000287362
4.40122e-005,-0.000155854
4.40126e-005,0.404934
4.40132e-005,3.14925
4.40145e-005,3.17811
4.4017e-005,3.18097
4.40222e-005,3.17662
4.40324e-005,3.169
4.40529e-005,3.15267
4.40929e-005,2.86036
4.41329e-005,1.86196
4.41729e-005,1.26547
4.42129e-005,0.800419
4.42529e-005,0.559469
4.42929e-005,0.3363
4.43329e-005,0.252575
4.43729e-005,0.136066
4.44129e-005,0.11941
4.44529e-005,0.0500177
4.44929e-005,0.0615369
4.45329e-005,0.0133024
4.45729e-005,0.0361975
4.46129e-005,7.10179e-008
4.46529e-005,0.0248992
4.46929e-005,-2.53292e-007
4.47329e-005,0.0196788
4.47729e-005,-3.74571e-007
4.48129e-005,0.0171082
4.48529e-005,-4.21567e-007
4.48929e-005,0.0157102
4.49329e-005,-4.32287e-007
4.49729e-005,0.0148461
4.5e-005,-4.21022e-007
4.50001e-005,-0.00017439
4.50003e-005,-0.000568255
4.50007e-005,-0.00151543
4.5001e-005,-0.00230967
4.50011e-005,-0.00237046
4.50012e-005,-0.00247481
4.50014e-005,-0.00262798
4.50018e-005,-0.00282226
4.50026e-005,-0.00296507
4.50043e-005,-0.00294814
4.50077e-005,-0.0027802
4.5011e-005,-0.0026362
4.50111e-005,-0.00245936
4.50113e-005,-0.00206427
4.50117e-005,-0.00113518
4.5012e-005,-0.000366949
4.50121e-005,-0.000287372
4.50122e-005,-0.000155862
4.50126e-005,0.404821
4.50132e-005,3.14925
4.50145e-005,3.17811
4.5017e-005,3.18097
4.50222e-005,3.17662
4.50324e-005,3.169
4.50529e-005,3.15267
4.50929e-005,2.86038
4.51329e-005,1.86197
4.51729e-005,1.26548
4.52129e-005,0.800425
4.52529e-005,0.559474
4.52929e-005,0.336303
4.53329e-005,0.252577
4.53729e-005,0.136067
4.54129e-005,0.119412
4.54529e-005,0.0500181
4.54929e-005,0.0615378
4.55329e-005,0.0133025
4.55729e-005,0.0361981
4.56129e-005,7.10121e-008
4.56529e-005,0.0248996
4.56929e-005,-2.53305e-007
4.57329e-005,0.0196791
4.57729e-005,-3.7458e-007
4.58129e-005,0.0171085
4.58529e-005,-4.21575e-007
4.58929e-005,0.0157104
4.59329e-005,-4.32295e-007
4.59729e-005,0.0148462
4.6e-005,-4.21028e-007
4.60001e-005,-0.00017439
4.60003e-005,-0.000568256
4.60007e-005,-0.00151543
4.6001e-005,-0.00230967
4.60011e-005,-0.00237047
4.60012e-005,-0.00247481
4.60014e-005,-0.00262799
4.60018e-005,-0.00282228
4.60026e-005,-0.00296509
4.60043e-005,-0.00294816
4.60077e-005,-0.00278022
4.6011e-005,-0.00263621
4.60111e-005,-0.00245937
4.60113e-005,-0.00206429
4.60117e-005,-0.0011352
4.6012e-005,-0.000366961
4.60121e-005,-0.000287382
4.60122e-005,-0.00015587
4.60126e-005,0.404709
4.60132e-005,3.14925
4.60145e-005,3.1781
4.6017e-005,3.18098
4.60222e-005,3.17662
4.60324e-005,3.169
4.60529e-005,3.15267
4.60929e-005,2.8604
4.61329e-005,1.86198
4.61729e-005,1.26549
4.62129e-005,0.80043
4.62529e-005,0.559479
4.62929e-005,0.336305
4.63329e-005,0.25258
4.63729e-005,0.136069
4.64129e-005,0.119414
4.64529e-005,0.0500184
4.64929e-005,0.0615387
4.65329e-005,0.0133025
4.65729e-005,0.0361987
4.66129e-005,7.10064e-008
4.66529e-005,0.0249
4.66929e-005,-2.53317e-007
4.67329e-005,0.0196794
4.67729e-005,-3.74589e-007
4.68129e-005,0.0171087
4.68529e-005,-4.21584e-007
4.68929e-005,0.0157106
4.69329e-005,-4.32303e-007
4.69729e-005,0.0148464
4.7e-005,-4.21034e-007
4.70001e-005,-0.00017439
4.70003e-005,-0.000568256
4.70007e-005,-0.00151544
4.7001e-005,-0.00230968
4.70011e-005,-0.00237048
4.70012e-005,-0.00247482
4.70014e-005,-0.00262799
4.70018e-005,-0.00282229
4.70026e-005,-0.0029651
4.70043e-005,-0.00294818
4.70077e-005,-0.00278024
4.7011e-005,-0.00263623
4.70111e-005,-0.00245939
4.70113e-005,-0.00206431
4.70117e-005,-0.00113521
4.7012e-005,-0.000366972
4.70121e-005,-0.000287393
4.70122e-005,-0.000155879
4.70126e-005,0.404597
4.70132e-005,3.14925
4.70145e-005,3.1781
4.7017e-005,3.18098
4.70222e-005,3.17662
4.70324e-005,3.169
4.70529e-005,3.15267
4.70929e-005,2.86041
4.71329e-005,1.86199
4.71729e-005,1.2655
4.72129e-005,0.800435
4.72529e-005,0.559484
4.72929e-005,0.336308
4.73329e-005,0.252583
4.73729e-005,0.13607
4.74129e-005,0.119415
4.74529e-005,0.0500188
4.74929e-005,0.0615396
4.75329e-005,0.0133025
4.75729e-005,0.0361993
4.76129e-005,7.10007e-008
4.76529e-005,0.0249004
4.76929e-005,-2.5333e-007
4.77329e-005,0.0196797
4.77729e-005,-3.74598e-007
4.78129e-005,0.0171089
4.78529e-005,-4.21593e-007
4.78929e-005,0.0157108
4.79329e-005,-4.3231e-007
4.79729e-005,0.0148466
4.8e-005,-4.2104e-007
4.80001e-005,-0.000174391
4.80003e-005,-0.000568257
4.80007e-005,-0.00151544
4.8001e-005,-0.00230968
4.80011e-005,-0.00237048
4.80012e-005,-0.00247483
4.80014e-005,-0.002628
4.80018e-005,-0.0028223
4.80026e-005,-0.00296512
4.80043e-005,-0.00294819
4.80077e-005,-0.00278025
4.8011e-005,-0.00263625
4.80111e-005,-0.00245941
4.80113e-005,-0.00206433
4.80117e-005,-0.00113523
4.8012e-005,-0.000366983
4.80121e-005,-0.000287403
4.80122e-005,-0.000155887
4.80126e-005,0.404485
4.80132e-005,3.14925
4.80145e-005,3.1781
4.8017e-005,3.18098
4.80222e-005,3.17662
4.80324e-005,3.169
4.80529e-005,3.15267
4.80929e-005,2.86043
4.81329e-005,1.862
4.81729e-005,1.26551
4.82129e-005,0.800441
4.82529e-005,0.559489
4.82929e-005,0.33631
4.83329e-005,0.252586
4.83729e-005,0.136071
4.84129e-005,0.119417
4.84529e-005,0.0500192
4.84929e-005,0.0615406
4.85329e-005,0.0133025
4.85729e-005,0.0361999
4.86129e-005,7.09949e-008
4.86529e-005,0.0249009
4.86929e-005,-2.53342e-007
4.87329e-005,0.01968
4.87729e-005,-3.74607e-007
4.88129e-005,0.0171092
4.88529e-005,-4.21602e-007
4.88929e-005,0.015711
4.89329e-005,-4.32318e-007
4.89729e-005,0.0148467
4.9e-005,-4.21046e-007
4.90001e-005,-0.000174391
4.90003e-005,-0.000568258
4.90007e-005,-0.00151544
4.9001e-005,-0.00230969
4.90011e-005,-0.00237049
4.90012e-005,-0.00247483
4.90014e-005,-0.00262801
4.90018e-005,-0.00282231
4.90026e-005,-0.00296513
4.90043e-005,-0.00294821
4.90077e-005,-0.00278027
4.9011e-005,-0.00263627
4.90111e-005,-0.00245943
4.90113e-005,-0.00206434
4.90117e-005,-0.00113524
4.9012e-005,-0.000366994
4.90121e-005,-0.000287413
4.90122e-005,-0.000155896
4.90126e-005,0.404372
4.90132e-005,3.14925
4.90145e-005,3.1781
4.9017e-005,3.18098
4.90222e-005,3.17662
4.90324e-005,3.169
4.90529e-005,3.15267
4.90929e-005,2.86045
4.91329e-005,1.86201
4.91729e-005,1.26552
4.92129e-005,0.800446
4.92529e-005,0.559494
4.92929e-005,0.336313
4.93329e-005,0.252588
4.93729e-005,0.136072
4.94129e-005,0.119418
4.94529e-005,0.0500195
4.94929e-005,0.0615415
4.95329e-005,0.0133026
4.95729e-005,0.0362005
4.96129e-005,7.09892e-008
4.96529e-005,0.0249013
4.96929e-005,-2.53355e-007
4.97329e-005,0.0196803
4.97729e-005,-3.74616e-007
4.98129e-005,0.0171094
4.98529e-005,-4.21611e-007
4.98929e-005,0.0157112
4.99329e-005,-4.32326e-007
4.99729e-005,0.0148469
5e-005,-4.21052e-007
5.00001e-005,-0.000174391
5.00003e-005,-0.000568258
5.00007e-005,-0.00151544
5.0001e-005,-0.00230969
5.00011e-005,-0.00237049
5.00012e-005,-0.00247484
5.00014e-005,-0.00262802
5.00018e-005,-0.00282232
5.00026e-005,-0.00296515
5.00043e-005,-0.00294823
5.00077e-005,-0.00278029
5.0011e-005,-0.00263629
5.00111e-005,-0.00245944
5.00113e-005,-0.00206436
5.00117e-005,-0.00113525
5.0012e-005,-0.000367005
5.00121e-005,-0.000287423
5.00122e-005,-0.000155904
5.00126e-005,0.40426
5.00132e-005,3.14925
5.00145e-005,3.1781
5.0017e-005,3.18098
5.00222e-005,3.17662
5.00324e-005,3.169
5.00529e-005,3.15267
5.00929e-005,2.86046
5.01329e-005,1.86203
5.01729e-005,1.26553
5.02129e-005,0.800452
5.02529e-005,0.559499
5.02929e-005,0.336316
5.03329e-005,0.252591
5.03729e-005,0.136073
5.04129e-005,0.11942
5.04529e-005,0.0500199
5.04929e-005,0.0615424
5.05329e-005,0.0133026
5.05729e-005,0.0362011
5.06129e-005,7.09832e-008
5.06529e-005,0.0249017
5.06929e-005,-2.53368e-007
5.07329e-005,0.0196806
5.07729e-005,-3.74626e-007
5.08129e-005,0.0171097
5.08529e-005,-4.2162e-007
5.08929e-005,0.0157114
5.09329e-005,-4.32334e-007
5.09729e-005,0.0148471
5.1e-005,-4.21058e-007
5.10001e-005,-0.000174391
5.10003e-005,-0.000568259
5.10007e-005,-0.00151545
5.1001e-005,-0.0023097
5.10011e-005,-0.0023705
5.10012e-005,-0.00247485
5.10014e-005,-0.00262803
5.10018e-005,-0.00282233
5.10026e-005,-0.00296516
5.10043e-005,-0.00294824
5.10077e-005,-0.00278031
5.1011e-005,-0.0026363
5.10111e-005,-0.00245946
5.10113e-005,-0.00206438
5.10117e-005,-0.00113527
5.1012e-005,-0.000367016
5.10121e-005,-0.000287433
5.10122e-005,-0.000155912
5.10126e-005,0.404148
5.10132e-005,3.14925
5.10145e-005,3.1781
5.1017e-005,3.18098
5.10222e-005,3.17663
5.10324e-005,3.169
5.10529e-005,3.15267
5.10929e-005,2.86048
5.11329e-005,1.86204
5.11729e-005,1.26554
5.12129e-005,0.800457
5.12529e-005,0.559504
5.12929e-005,0.336318
5.13329e-005,0.252594
5.13729e-005,0.136074
5.14129e-005,0.119421
5.14529e-005,0.0500202
5.14929e-005,0.0615433
5.15329e-005,0.0133026
5.15729e-005,0.0362016
5.16129e-005,7.09779e-008
5.16529e-005,0.0249021
5.16929e-005,-2.53379e-007
5.17329e-005,0.0196809
5.17729e-005,-3.74634e-007
5.18129e-005,0.0171099
5.18529e-005,-4.21628e-007
5.18929e-005,0.0157116
5.19329e-005,-4.32342e-007
5.19729e-005,0.0148472
5.2e-005,-4.21064e-007
5.20001e-005,-0.000174391
5.20003e-005,-0.000568259
5.20007e-005,-0.00151545
5.2001e-005,-0.0023097
5.20011e-005,-0.00237051
5.20012e-005,-0.00247485
5.20014e-005,-0.00262804
5.20018e-005,-0.00282235
5.20026e-005,-0.00296518
5.20043e-005,-0.00294826
5.20077e-005,-0.00278032
5.2011e-005,-0.00263632
5.20111e-005,-0.00245948
5.20113e-005,-0.00206439
5.20117e-005,-0.00113528
5.2012e-005,-0.000367027
5.20121e-005,-0.000287443
5.20122e-005,-0.000155921
5.20126e-005,0.404036
5.20132e-005,3.14925
5.20145e-005,3.1781
5.2017e-005,3.18098
5.20222e-005,3.17663
5.20324e-005,3.169
5.20529e-005,3.15267
5.20929e-005,2.8605
5.21329e-005,1.86205
5.21729e-005,1.26554
5.22129e-005,0.800463
5.22529e-005,0.559509
5.22929e-005,0.336321
5.23329e-005,0.252597
5.23729e-005,0.136075
5.24129e-005,0.119423
5.24529e-005,0.0500206
5.24929e-005,0.0615442
5.25329e-005,0.0133026
5.25729e-005,0.0362022
5.26129e-005,7.0972e-008
5.26529e-005,0.0249025
5.26929e-005,-2.53392e-007
5.27329e-005,0.0196812
5.27729e-005,-3.74643e-007
5.28129e-005,0.0171102
5.28529e-005,-4.21637e-007
5.28929e-005,0.0157118
5.29329e-005,-4.32349e-007
5.29729e-005,0.0148474
5.3e-005,-4.2107e-007
5.30001e-005,-0.000174391
5.30003e-005,-0.00056826
5.30007e-005,-0.00151545
5.3001e-005,-0.00230971
5.30011e-005,-0.00237051
5.30012e-005,-0.00247486
5.30014e-005,-0.00262805
5.30018e-005,-0.00282236
5.30026e-005,-0.00296519
5.30043e-005,-0.00294828
5.30077e-005,-0.00278034
5.3011e-005,-0.00263634
5.30111e-005,-0.0024595
5.30113e-005,-0.00206441
5.30117e-005,-0.0011353
5.3012e-005,-0.000367038
5.30121e-005,-0.000287454
5.30122e-005,-0.000155929
5.30126e-005,0.403923
5.30132e-005,3.14925
5.30145e-005,3.1781
5.3017e-005,3.18098
5.30222e-005,3.17663
5.30324e-005,3.169
5.30529e-005,3.15267
5.30929e-005,2.86052
5.31329e-005,1.86206
5.31729e-005,1.26555
5.32129e-005,0.800468
5.32529e-005,0.559514
5.32929e-005,0.336323
5.33329e-005,0.252599
5.33729e-005,0.136076
5.34129e-005,0.119424
5.34529e-005,0.050021
5.34929e-005,0.0615451
5.35329e-005,0.0133027
5.35729e-005,0.0362028
5.36129e-005,7.09663e-008
5.36529e-005,0.0249029
5.36929e-005,-2.53404e-007
5.37329e-005,0.0196815
5.37729e-005,-3.74653e-007
5.38129e-005,0.0171104
5.38529e-005,-4.21646e-007
5.38929e-005,0.015712
5.39329e-005,-4.32357e-007
5.39729e-005,0.0148476
5.4e-005,-4.21076e-007
5.40001e-005,-0.000174391
5.40003e-005,-0.000568261
5.40007e-005,-0.00151546
5.4001e-005,-0.00230972
5.40011e-005,-0.00237052
5.40012e-005,-0.00247487
5.40014e-005,-0.00262806
5.40018e-005,-0.00282237
5.40026e-005,-0.00296521
5.40043e-005,-0.00294829
5.40077e-005,-0.00278036
5.4011e-005,-0.00263636
5.40111e-005,-0.00245951
5.40113e-005,-0.00206443
5.40117e-005,-0.00113531
5.4012e-005,-0.000367049
5.40121e-005,-0.000287464
5.40122e-005,-0.000155938
5.40126e-005,0.403811
5.40132e-005,3.14925
5.40145e-005,3.1781
5.4017e-005,3.18098
5.40222e-005,3.17663
5.40324e-005,3.169
5.40529e-005,3.15267
5.40929e-005,2.86053
5.41329e-005,1.86207
5.41729e-005,1.26556
5.42129e-005,0.800474
5.42529e-005,0.559519
5.42929e-005,0.336326
5.43329e-005,0.252602
5.43729e-005,0.136077
5.44129e-005,0.119426
5.44529e-005,0.0500213
5.44929e-005,0.0615461
5.45329e-005,0.0133027
5.45729e-005,0.0362034
5.46129e-005,7.09607e-008
5.46529e-005,0.0249033
5.46929e-005,-2.53417e-007
5.47329e-005,0.0196819
5.47729e-005,-3.74662e-007
5.48129e-005,0.0171107
5.48529e-005,-4.21654e-007
5.48929e-005,0.0157122
5.49329e-005,-4.32365e-007
5.49729e-005,0.0148477
5.5e-005,-4.21082e-007
5.50001e-005,-0.000174391
5.50003e-005,-0.000568261
5.50007e-005,-0.00151546
5.5001e-005,-0.00230972
5.50011e-005,-0.00237052
5.50012e-005,-0.00247488
5.50014e-005,-0.00262807
5.50018e-005,-0.00282238
5.50026e-005,-0.00296522
5.50043e-005,-0.00294831
5.50077e-005,-0.00278037
5.5011e-005,-0.00263637
5.50111e-005,-0.00245953
5.50113e-005,-0.00206444
5.50117e-005,-0.00113533
5.5012e-005,-0.00036706
5.50121e-005,-0.000287474
5.50122e-005,-0.000155946
5.50126e-005,0.403699
5.50132e-005,3.14925
5.50145e-005,3.1781
5.5017e-005,3.18098
5.50222e-005,3.17663
5.50324e-005,3.169
5.50529e-005,3.15267
5.50929e-005,2.86055
5.51329e-005,1.86208
5.51729e-005,1.26557
5.52129e-005,0.800479
5.52529e-005,0.559524
5.52929e-005,0.336328
5.53329e-005,0.252605
5.53729e-005,0.136078
5.54129e-005,0.119427
5.54529e-005,0.0500217
5.54929e-005,0.061547
5.55329e-005,0.0133027
5.55729e-005,0.036204
5.56129e-005,7.09546e-008
5.56529e-005,0.0249038
5.56929e-005,-2.5343e-007
5.57329e-005,0.0196822
5.57729e-005,-3.74671e-007
5.58129e-005,0.0171109
5.58529e-005,-4.21663e-007
5.58929e-005,0.0157124
5.59329e-005,-4.32373e-007
5.59729e-005,0.0148479
5.6e-005,-4.21089e-007
5.60001e-005,-0.000174392
5.60003e-005,-0.000568262
5.60007e-005,-0.00151546
5.6001e-005,-0.00230973
5.60011e-005,-0.00237053
5.60012e-005,-0.00247488
5.60014e-005,-0.00262807
5.60018e-005,-0.00282239
5.60026e-005,-0.00296524
5.60043e-005,-0.00294833
5.60077e-005,-0.00278039
5.6011e-005,-0.00263639
5.60111e-005,-0.00245955
5.60113e-005,-0.00206446
5.60117e-005,-0.00113534
5.6012e-005,-0.000367071
5.60121e-005,-0.000287484
5.60122e-005,-0.000155954
5.60126e-005,0.403587
5.60132e-005,3.14925
5.60145e-005,3.1781
5.6017e-005,3.18098
5.60222e-005,3.17663
5.60324e-005,3.169
5.60529e-005,3.15267
5.60929e-005,2.86057
5.61329e-005,1.86209
5.61729e-005,1.26558
5.62129e-005,0.800485
5.62529e-005,0.559529
5.62929e-005,0.336331
5.63329e-005,0.252607
5.63729e-005,0.136079
5.64129e-005,0.119429
5.64529e-005,0.050022
5.64929e-005,0.0615479
5.65329e-005,0.0133027
5.65729e-005,0.0362046
5.66129e-005,7.0949e-008
5.66529e-005,0.0249042
5.66929e-005,-2.53442e-007
5.67329e-005,0.0196825
5.67729e-005,-3.7468e-007
5.68129e-005,0.0171111
5.68529e-005,-4.21672e-007
5.68929e-005,0.0157126
5.69329e-005,-4.3238e-007
5.69729e-005,0.0148481
5.7e-005,-4.21094e-007
5.70001e-005,-0.000174392
5.70003e-005,-0.000568262
5.70007e-005,-0.00151546
5.7001e-005,-0.00230973
5.70011e-005,-0.00237054
5.70012e-005,-0.00247489
5.70014e-005,-0.00262808
5.70018e-005,-0.0028224
5.70026e-005,-0.00296525
5.70043e-005,-0.00294834
5.70077e-005,-0.00278041
5.7011e-005,-0.00263641
5.70111e-005,-0.00245957
5.70113e-005,-0.00206448
5.70117e-005,-0.00113535
5.7012e-005,-0.000367083
5.70121e-005,-0.000287494
5.70122e-005,-0.000155963
5.70126e-005,0.403475
5.70132e-005,3.14925
5.70145e-005,3.1781
5.7017e-005,3.18099
5.70222e-005,3.17663
5.70324e-005,3.169
5.70529e-005,3.15267
5.70929e-005,2.86058
5.71329e-005,1.8621
5.71729e-005,1.26559
5.72129e-005,0.80049
5.72529e-005,0.559534
5.72929e-005,0.336333
5.73329e-005,0.25261
5.73729e-005,0.13608
5.74129e-005,0.11943
5.74529e-005,0.0500224
5.74929e-005,0.0615488
5.75329e-005,0.0133028
5.75729e-005,0.0362052
5.76129e-005,7.09434e-008
5.76529e-005,0.0249046
5.76929e-005,-2.53454e-007
5.77329e-005,0.0196828
5.77729e-005,-3.74689e-007
5.78129e-005,0.0171114
5.78529e-005,-4.21681e-007
5.78929e-005,0.0157128
5.79329e-005,-4.32388e-007
5.79729e-005,0.0148482
5.8e-005,-4.211e-007
5.80001e-005,-0.000174392
5.80003e-005,-0.000568263
5.80007e-005,-0.00151547
5.8001e-005,-0.00230974
5.80011e-005,-0.00237054
5.80012e-005,-0.0024749
5.80014e-005,-0.00262809
5.80018e-005,-0.00282242
5.80026e-005,-0.00296527
5.80043e-005,-0.00294836
5.80077e-005,-0.00278043
5.8011e-005,-0.00263643
5.80111e-005,-0.00245958
5.80113e-005,-0.0020645
5.80117e-005,-0.00113537
5.8012e-005,-0.000367094
5.80121e-005,-0.000287504
5.80122e-005,-0.000155971
5.80126e-005,0.403363
5.80132e-005,3.14925
5.80145e-005,3.1781
5.8017e-005,3.18099
5.80222e-005,3.17663
5.80324e-005,3.169
5.80529e-005,3.15268
5.80929e-005,2.8606
5.81329e-005,1.86211
5.81729e-005,1.2656
5.82129e-005,0.800495
5.82529e-005,0.559539
5.82929e-005,0.336336
5.83329e-005,0.252613
5.83729e-005,0.136082
5.84129e-005,0.119432
5.84529e-005,0.0500228
5.84929e-005,0.0615497
5.85329e-005,0.0133028
5.85729e-005,0.0362058
5.86129e-005,7.09377e-008
5.86529e-005,0.024905
5.86929e-005,-2.53467e-007
5.87329e-005,0.0196831
5.87729e-005,-3.74698e-007
5.88129e-005,0.0171116
5.88529e-005,-4.2169e-007
5.88929e-005,0.015713
5.89329e-005,-4.32396e-007
5.89729e-005,0.0148484
5.9e-005,-4.21107e-007
5.90001e-005,-0.000174392
5.90003e-005,-0.000568263
5.90007e-005,-0.00151547
5.9001e-005,-0.00230974
5.90011e-005,-0.00237055
5.90012e-005,-0.0024749
5.90014e-005,-0.0026281
5.90018e-005,-0.00282243
5.90026e-005,-0.00296528
5.90043e-005,-0.00294838
5.90077e-005,-0.00278044
5.9011e-005,-0.00263644
5.90111e-005,-0.0024596
5.90113e-005,-0.00206451
5.90117e-005,-0.00113538
5.9012e-005,-0.000367105
5.90121e-005,-0.000287514
5.90122e-005,-0.00015598
5.90126e-005,0.40325
5.90132e-005,3.14925
5.90145e-005,3.1781
5.9017e-005,3.18099
5.90222e-005,3.17663
5.90324e-005,3.169
5.90529e-005,3.15268
5.90929e-005,2.86062
5.91329e-005,1.86212
5.91729e-005,1.26561
5.92129e-005,0.800501
5.92529e-005,0.559544
5.92929e-005,0.336339
5.93329e-005,0.252616
5.93729e-005,0.136083
5.94129e-005,0.119433
5.94529e-005,0.0500231
5.94929e-005,0.0615507
5.95329e-005,0.0133028
5.95729e-005,0.0362064
5.96129e-005,7.09315e-008
5.96529e-005,0.0249054
5.96929e-005,-2.5348e-007
5.97329e-005,0.0196834
5.97729e-005,-3.74707e-007
5.98129e-005,0.0171119
5.98529e-005,-4.21699e-007
5.98929e-005,0.0157132
5.99329e-005,-4.32404e-007
5.99729e-005,0.0148486
6e-005,-4.21113e-007
6.00001e-005,-0.000174392
6.00003e-005,-0.000568264
6.00007e-005,-0.00151547
6.0001e-005,-0.00230975
6.00011e-005,-0.00237055
6.00012e-005,-0.00247491
6.00014e-005,-0.00262811
6.00018e-005,-0.00282244
6.00026e-005,-0.0029653
6.00043e-005,-0.00294839
6.00077e-005,-0.00278046
6.0011e-005,-0.00263646
6.00111e-005,-0.00245962
6.00113e-005,-0.00206453
6.00117e-005,-0.0011354
6.0012e-005,-0.000367116
6.00121e-005,-0.000287525
6.00122e-005,-0.000155988
6.00126e-005,0.403138
6.00132e-005,3.14925
6.00145e-005,3.1781
6.0017e-005,3.18099
6.00222e-005,3.17663
6.00324e-005,3.169
6.00529e-005,3.15268
6.00929e-005,2.86063
6.01329e-005,1.86214
6.01729e-005,1.26562
6.02129e-005,0.800506
6.02529e-005,0.559549
6.02929e-005,0.336341
6.03329e-005,0.252618
6.03729e-005,0.136084
6.04129e-005,0.119435
6.04529e-005,0.0500235
6.04929e-005,0.0615516
6.05329e-005,0.0133029
6.05729e-005,0.036207
6.06129e-005,7.09262e-008
6.06529e-005,0.0249058
6.06929e-005,-2.53492e-007
6.07329e-005,0.0196837
6.07729e-005,-3.74716e-007
6.08129e-005,0.0171121
6.08529e-005,-4.21707e-007
6.08929e-005,0.0157134
6.09329e-005,-4.32411e-007
6.09729e-005,0.0148487
6.1e-005,-4.21118e-007
6.10001e-005,-0.000174392
6.10003e-005,-0.000568265
6.10007e-005,-0.00151547
6.1001e-005,-0.00230975
6.10011e-005,-0.00237056
6.10012e-005,-0.00247492
6.10014e-005,-0.00262812
6.10018e-005,-0.00282245
6.10026e-005,-0.00296531
6.10043e-005,-0.00294841
6.10077e-005,-0.00278048
6.1011e-005,-0.00263648
6.10111e-005,-0.00245964
6.10113e-005,-0.00206455
6.10117e-005,-0.00113541
6.1012e-005,-0.000367127
6.10121e-005,-0.000287535
6.10122e-005,-0.000155996
6.10126e-005,0.403026
6.10132e-005,3.14925
6.10145e-005,3.1781
6.1017e-005,3.18099
6.10222e-005,3.17663
6.10324e-005,3.169
6.10529e-005,3.15268
6.10929e-005,2.86065
6.11329e-005,1.86215
6.11729e-005,1.26563
6.12129e-005,0.800512
6.12529e-005,0.559554
6.12929e-005,0.336344
6.13329e-005,0.252621
6.13729e-005,0.136085
6.14129e-005,0.119437
6.14529e-005,0.0500238
6.14929e-005,0.0615525
6.15329e-005,0.0133029
6.15729e-005,0.0362076
6.16129e-005,7.09202e-008
6.16529e-005,0.0249062
6.16929e-005,-2.53504e-007
6.17329e-005,0.019684
6.17729e-005,-3.74726e-007
6.18129e-005,0.0171124
6.18529e-005,-4.21716e-007
6.18929e-005,0.0157136
6.19329e-005,-4.32419e-007
6.19729e-005,0.0148489
6.2e-005,-4.21125e-007
6.20001e-005,-0.000174392
6.20003e-005,-0.000568265
6.20007e-005,-0.00151548
6.2001e-005,-0.00230976
6.20011e-005,-0.00237057
6.20012e-005,-0.00247492
6.20014e-005,-0.00262813
6.20018e-005,-0.00282246
6.20026e-005,-0.00296533
6.20043e-005,-0.00294843
6.20077e-005,-0.00278049
6.2011e-005,-0.0026365
6.20111e-005,-0.00245965
6.20113e-005,-0.00206456
6.20117e-005,-0.00113543
6.2012e-005,-0.000367138
6.20121e-005,-0.000287545
6.20122e-005,-0.000156005
6.20126e-005,0.402914
6.20132e-005,3.14925
6.20145e-005,3.1781
6.2017e-005,3.18099
6.20222e-005,3.17664
6.20324e-005,3.169
6.20529e-005,3.15268
6.20929e-005,2.86067
6.21329e-005,1.86216
6.21729e-005,1.26564
6.22129e-005,0.800517
6.22529e-005,0.559559
6.22929e-005,0.336346
6.23329e-005,0.252624
6.23729e-005,0.136086
6.24129e-005,0.119438
6.24529e-005,0.0500242
6.24929e-005,0.0615534
6.25329e-005,0.0133029
6.25729e-005,0.0362081
6.26129e-005,7.09145e-008
6.26529e-005,0.0249066
6.26929e-005,-2.53517e-007
6.27329e-005,0.0196843
6.27729e-005,-3.74735e-007
6.28129e-005,0.0171126
6.28529e-005,-4.21725e-007
6.28929e-005,0.0157138
6.29329e-005,-4.32427e-007
6.29729e-005,0.0148491
6.3e-005,-4.21131e-007
6.30001e-005,-0.000174392
6.30003e-005,-0.000568266
6.30007e-005,-0.00151548
6.3001e-005,-0.00230976
6.30011e-005,-0.00237057
6.30012e-005,-0.00247493
6.30014e-005,-0.00262814
6.30018e-005,-0.00282247
6.30026e-005,-0.00296534
6.30043e-005,-0.00294844
6.30077e-005,-0.00278051
6.3011e-005,-0.00263652
6.30111e-005,-0.00245967
6.30113e-005,-0.00206458
6.30117e-005,-0.00113544
6.3012e-005,-0.000367149
6.30121e-005,-0.000287555
6.30122e-005,-0.000156013
6.30126e-005,0.402802
6.30132e-005,3.14925
6.30145e-005,3.1781
6.3017e-005,3.18099
6.30222e-005,3.17664
6.30324e-005,3.169
6.30529e-005,3.15268
6.30929e-005,2.86068
6.31329e-005,1.86217
6.31729e-005,1.26565
6.32129e-005,0.800523
6.32529e-005,0.559564
6.32929e-005,0.336349
6.33329e-005,0.252626
6.33729e-005,0.136087
6.34129e-005,0.11944
6.34529e-005,0.0500246
6.34929e-005,0.0615543
6.35329e-005,0.0133029
6.35729e-005,0.0362087
6.36129e-005,7.09089e-008
6.36529e-005,0.024907
6.36929e-005,-2.53529e-007
6.37329e-005,0.0196846
6.37729e-005,-3.74744e-007
6.38129e-005,0.0171129
6.38529e-005,-4.21734e-007
6.38929e-005,0.015714
6.39329e-005,-4.32435e-007
6.39729e-005,0.0148493
6.4e-005,-4.21137e-007
6.40001e-005,-0.000174392
6.40003e-005,-0.000568266
6.40007e-005,-0.00151548
6.4001e-005,-0.00230977
6.40011e-005,-0.00237058
6.40012e-005,-0.00247494
6.40014e-005,-0.00262814
6.40018e-005,-0.00282249
6.40026e-005,-0.00296536
6.40043e-005,-0.00294846
6.40077e-005,-0.00278053
6.4011e-005,-0.00263653
6.40111e-005,-0.00245969
6.40113e-005,-0.0020646
6.40117e-005,-0.00113546
6.4012e-005,-0.00036716
6.40121e-005,-0.000287565
6.40122e-005,-0.000156022
6.40126e-005,0.40269
6.40132e-005,3.14925
6.40145e-005,3.1781
6.4017e-005,3.18099
6.40222e-005,3.17664
6.40324e-005,3.16901
6.40529e-005,3.15268
6.40929e-005,2.8607
6.41329e-005,1.86218
6.41729e-005,1.26565
6.42129e-005,0.800528
6.42529e-005,0.559569
6.42929e-005,0.336351
6.43329e-005,0.252629
6.43729e-005,0.136088
6.44129e-005,0.119441
6.44529e-005,0.0500249
6.44929e-005,0.0615552
6.45329e-005,0.0133029
6.45729e-005,0.0362093
6.46129e-005,7.0903e-008
6.46529e-005,0.0249075
6.46929e-005,-2.53542e-007
6.47329e-005,0.0196849
6.47729e-005,-3.74753e-007
6.48129e-005,0.0171131
6.48529e-005,-4.21743e-007
6.48929e-005,0.0157142
6.49329e-005,-4.32442e-007
6.49729e-005,0.0148494
6.5e-005,-4.21143e-007
6.50001e-005,-0.000174393
6.50003e-005,-0.000568267
6.50007e-005,-0.00151549
6.5001e-005,-0.00230977
6.50011e-005,-0.00237058
6.50012e-005,-0.00247494
6.50014e-005,-0.00262815
6.50018e-005,-0.0028225
6.50026e-005,-0.00296537
6.50043e-005,-0.00294848
6.50077e-005,-0.00278055
6.5011e-005,-0.00263655
6.50111e-005,-0.00245971
6.50113e-005,-0.00206462
6.50117e-005,-0.00113547
6.5012e-005,-0.000367171
6.50121e-005,-0.000287575
6.50122e-005,-0.00015603
6.50126e-005,0.402578
6.50132e-005,3.14925
6.50145e-005,3.1781
6.5017e-005,3.18099
6.50222e-005,3.17664
6.50324e-005,3.16901
6.50529e-005,3.15268
6.50929e-005,2.86072
6.51329e-005,1.86219
6.51729e-005,1.26566
6.52129e-005,0.800534
6.52529e-005,0.559574
6.52929e-005,0.336354
6.53329e-005,0.252632
6.53729e-005,0.136089
6.54129e-005,0.119443
6.54529e-005,0.0500253
6.54929e-005,0.0615562
6.55329e-005,0.013303
6.55729e-005,0.0362099
6.56129e-005,7.08973e-008
6.56529e-005,0.0249079
6.56929e-005,-2.53554e-007
6.57329e-005,0.0196853
6.57729e-005,-3.74762e-007
6.58129e-005,0.0171134
6.58529e-005,-4.21751e-007
6.58929e-005,0.0157144
6.59329e-005,-4.3245e-007
6.59729e-005,0.0148496
6.6e-005,-4.21149e-007
6.60001e-005,-0.000174393
6.60003e-005,-0.000568268
6.60007e-005,-0.00151549
6.6001e-005,-0.00230978
6.60011e-005,-0.00237059
6.60012e-005,-0.00247495
6.60014e-005,-0.00262816
6.60018e-005,-0.00282251
6.60026e-005,-0.00296538
6.60043e-005,-0.00294849
6.60077e-005,-0.00278056
6.6011e-005,-0.00263657
6.60111e-005,-0.00245972
6.60113e-005,-0.00206463
6.60117e-005,-0.00113548
6.6012e-005,-0.000367182
6.60121e-005,-0.000287586
6.60122e-005,-0.000156038
6.60126e-005,0.402465
6.60132e-005,3.14925
6.60145e-005,3.1781
6.6017e-005,3.18099
6.60222e-005,3.17664
6.60324e-005,3.16901
6.60529e-005,3.15268
6.60929e-005,2.86073
6.61329e-005,1.8622
6.61729e-005,1.26567
6.62129e-005,0.800539
6.62529e-005,0.559579
6.62929e-005,0.336357
6.63329e-005,0.252635
6.63729e-005,0.13609
6.64129e-005,0.119444
6.64529e-005,0.0500256
6.64929e-005,0.0615571
6.65329e-005,0.013303
6.65729e-005,0.0362105
6.66129e-005,7.08915e-008
6.66529e-005,0.0249083
6.66929e-005,-2.53567e-007
6.67329e-005,0.0196856
6.67729e-005,-3.74771e-007
6.68129e-005,0.0171136
6.68529e-005,-4.2176e-007
6.68929e-005,0.0157146
6.69329e-005,-4.32458e-007
6.69729e-005,0.0148498
6.7e-005,-4.21155e-007
6.70001e-005,-0.000174393
6.70003e-005,-0.000568268
6.70007e-005,-0.00151549
6.7001e-005,-0.00230979
6.70011e-005,-0.0023706
6.70012e-005,-0.00247496
6.70014e-005,-0.00262817
6.70018e-005,-0.00282252
6.70026e-005,-0.0029654
6.70043e-005,-0.00294851
6.70077e-005,-0.00278058
6.7011e-005,-0.00263659
6.70111e-005,-0.00245974
6.70113e-005,-0.00206465
6.70117e-005,-0.0011355
6.7012e-005,-0.000367193
6.70121e-005,-0.000287596
6.70122e-005,-0.000156047
6.70126e-005,0.402353
6.70132e-005,3.14925
6.70145e-005,3.1781
6.7017e-005,3.18099
6.70222e-005,3.17664
6.70324e-005,3.16901
6.70529e-005,3.15268
6.70929e-005,2.86075
6.71329e-005,1.86221
6.71729e-005,1.26568
6.72129e-005,0.800544
6.72529e-005,0.559584
6.72929e-005,0.336359
6.73329e-005,0.252637
6.73729e-005,0.136091
6.74129e-005,0.119446
6.74529e-005,0.050026
6.74929e-005,0.061558
6.75329e-005,0.013303
6.75729e-005,0.0362111
6.76129e-005,7.08856e-008
6.76529e-005,0.0249087
6.76929e-005,-2.5358e-007
6.77329e-005,0.0196859
6.77729e-005,-3.7478e-007
6.78129e-005,0.0171138
6.78529e-005,-4.21769e-007
6.78929e-005,0.0157148
6.79329e-005,-4.32466e-007
6.79729e-005,0.0148499
6.8e-005,-4.21161e-007
6.80001e-005,-0.000174393
6.80003e-005,-0.000568269
6.80007e-005,-0.00151549
6.8001e-005,-0.00230979
6.80011e-005,-0.0023706
6.80012e-005,-0.00247497
6.80014e-005,-0.00262818
6.80018e-005,-0.00282253
6.80026e-005,-0.00296541
6.80043e-005,-0.00294853
6.80077e-005,-0.0027806
6.8011e-005,-0.0026366
6.80111e-005,-0.00245976
6.80113e-005,-0.00206467
6.80117e-005,-0.00113551
6.8012e-005,-0.000367204
6.80121e-005,-0.000287606
6.80122e-005,-0.000156055
6.80126e-005,0.402241
6.80132e-005,3.14925
6.80145e-005,3.17809
6.8017e-005,3.181
6.80222e-005,3.17664
6.80324e-005,3.16901
6.80529e-005,3.15268
6.80929e-005,2.86077
6.81329e-005,1.86222
6.81729e-005,1.26569
6.82129e-005,0.80055
6.82529e-005,0.559589
6.82929e-005,0.336362
6.83329e-005,0.25264
6.83729e-005,0.136092
6.84129e-005,0.119447
6.84529e-005,0.0500264
6.84929e-005,0.0615589
6.85329e-005,0.0133031
6.85729e-005,0.0362117
6.86129e-005,7.088e-008
6.86529e-005,0.0249091
6.86929e-005,-2.53592e-007
6.87329e-005,0.0196862
6.87729e-005,-3.74789e-007
6.88129e-005,0.0171141
6.88529e-005,-4.21778e-007
6.88929e-005,0.015715
6.89329e-005,-4.32473e-007
6.89729e-005,0.0148501
6.9e-005,-4.21167e-007
6.90001e-005,-0.000174393
6.90003e-005,-0.000568269
6.90007e-005,-0.0015155
6.9001e-005,-0.0023098
6.90011e-005,-0.00237061
6.90012e-005,-0.00247497
6.90014e-005,-0.00262819
6.90018e-005,-0.00282254
6.90026e-005,-0.00296543
6.90043e-005,-0.00294854
6.90077e-005,-0.00278061
6.9011e-005,-0.00263662
6.90111e-005,-0.00245978
6.90113e-005,-0.00206468
6.90117e-005,-0.00113553
6.9012e-005,-0.000367215
6.90121e-005,-0.000287616
6.90122e-005,-0.000156064
6.90126e-005,0.402129
6.90132e-005,3.14926
6.90145e-005,3.17809
6.9017e-005,3.181
6.90222e-005,3.17664
6.90324e-005,3.16901
6.90529e-005,3.15268
6.90929e-005,2.86078
6.91329e-005,1.86223
6.91729e-005,1.2657
6.92129e-005,0.800555
6.92529e-005,0.559593
6.92929e-005,0.336364
6.93329e-005,0.252643
6.93729e-005,0.136093
6.94129e-005,0.119449
6.94529e-005,0.0500267
6.94929e-005,0.0615598
6.95329e-005,0.0133031
6.95729e-005,0.0362123
6.96129e-005,7.08742e-008
6.96529e-005,0.0249095
6.96929e-005,-2.53604e-007
6.97329e-005,0.0196865
6.97729e-005,-3.74799e-007
6.98129e-005,0.0171143
6.98529e-005,-4.21787e-007
6.98929e-005,0.0157152
6.99329e-005,-4.32481e-007
6.99729e-005,0.0148503
7e-005,-4.21173e-007
7.00001e-005,-0.000174393
7.00003e-005,-0.00056827
7.00007e-005,-0.0015155
7.0001e-005,-0.0023098
7.00011e-005,-0.00237061
7.00012e-005,-0.00247498
7.00014e-005,-0.0026282
7.00018e-005,-0.00282255
7.00026e-005,-0.00296544
7.00043e-005,-0.00294856
7.00077e-005,-0.00278063
7.0011e-005,-0.00263664
7.00111e-005,-0.0024598
7.00113e-005,-0.0020647
7.00117e-005,-0.00113554
7.0012e-005,-0.000367227
7.00121e-005,-0.000287626
7.00122e-005,-0.000156072
7.00126e-005,0.402017
7.00132e-005,3.14926
7.00145e-005,3.17809
7.0017e-005,3.181
7.00222e-005,3.17664
7.00324e-005,3.16901
7.00529e-005,3.15268
7.00929e-005,2.8608
7.01329e-005,1.86224
7.01729e-005,1.26571
7.02129e-005,0.800561
7.02529e-005,0.559598
7.02929e-005,0.336367
7.03329e-005,0.252645
7.03729e-005,0.136095
7.04129e-005,0.11945
7.04529e-005,0.0500271
7.04929e-005,0.0615607
7.05329e-005,0.0133031
7.05729e-005,0.0362129
7.06129e-005,7.08684e-008
7.06529e-005,0.0249099
7.06929e-005,-2.53617e-007
7.07329e-005,0.0196868
7.07729e-005,-3.74808e-007
7.08129e-005,0.0171146
7.08529e-005,-4.21796e-007
7.08929e-005,0.0157154
7.09329e-005,-4.32489e-007
7.09729e-005,0.0148504
7.1e-005,-4.21179e-007
7.10001e-005,-0.000174393
7.10003e-005,-0.00056827
7.10007e-005,-0.0015155
7.1001e-005,-0.00230981
7.10011e-005,-0.00237062
7.10012e-005,-0.00247499
7.10014e-005,-0.00262821
7.10018e-005,-0.00282257
7.10026e-005,-0.00296546
7.10043e-005,-0.00294858
7.10077e-005,-0.00278065
7.1011e-005,-0.00263666
7.10111e-005,-0.00245981
7.10113e-005,-0.00206472
7.10117e-005,-0.00113556
7.1012e-005,-0.000367238
7.10121e-005,-0.000287636
7.10122e-005,-0.00015608
7.10126e-005,0.401905
7.10132e-005,3.14926
7.10145e-005,3.17809
7.1017e-005,3.181
7.10222e-005,3.17664
7.10324e-005,3.16901
7.10529e-005,3.15268
7.10929e-005,2.86082
7.11329e-005,1.86226
7.11729e-005,1.26572
7.12129e-005,0.800566
7.12529e-005,0.559603
7.12929e-005,0.336369
7.13329e-005,0.252648
7.13729e-005,0.136096
7.14129e-005,0.119452
7.14529e-005,0.0500274
7.14929e-005,0.0615617
7.15329e-005,0.0133031
7.15729e-005,0.0362135
7.16129e-005,7.08626e-008
7.16529e-005,0.0249103
7.16929e-005,-2.5363e-007
7.17329e-005,0.0196871
7.17729e-005,-3.74817e-007
7.18129e-005,0.0171148
7.18529e-005,-4.21804e-007
7.18929e-005,0.0157156
7.19329e-005,-4.32497e-007
7.19729e-005,0.0148506
7.2e-005,-4.21185e-007
7.20001e-005,-0.000174393
7.20003e-005,-0.000568271
7.20007e-005,-0.00151551
7.2001e-005,-0.00230981
7.20011e-005,-0.00237063
7.20012e-005,-0.00247499
7.20014e-005,-0.00262822
7.20018e-005,-0.00282258
7.20026e-005,-0.00296547
7.20043e-005,-0.00294859
7.20077e-005,-0.00278066
7.2011e-005,-0.00263668
7.20111e-005,-0.00245983
7.20113e-005,-0.00206473
7.20117e-005,-0.00113557
7.2012e-005,-0.000367249
7.20121e-005,-0.000287646
7.20122e-005,-0.000156089
7.20126e-005,0.401793
7.20132e-005,3.14926
7.20145e-005,3.17809
7.2017e-005,3.181
7.20222e-005,3.17665
7.20324e-005,3.16901
7.20529e-005,3.15268
7.20929e-005,2.86084
7.21329e-005,1.86227
7.21729e-005,1.26573
7.22129e-005,0.800572
7.22529e-005,0.559608
7.22929e-005,0.336372
7.23329e-005,0.252651
7.23729e-005,0.136097
7.24129e-005,0.119453
7.24529e-005,0.0500278
7.24929e-005,0.0615626
7.25329e-005,0.0133032
7.25729e-005,0.036214
7.26129e-005,7.08569e-008
7.26529e-005,0.0249108
7.26929e-005,-2.53642e-007
7.27329e-005,0.0196874
7.27729e-005,-3.74826e-007
7.28129e-005,0.0171151
7.28529e-005,-4.21813e-007
7.28929e-005,0.0157158
7.29329e-005,-4.32504e-007
7.29729e-005,0.0148508
7.3e-005,-4.21192e-007
7.30001e-005,-0.000174394
7.30003e-005,-0.000568272
7.30007e-005,-0.00151551
7.3001e-005,-0.00230982
7.30011e-005,-0.00237063
7.30012e-005,-0.002475
7.30014e-005,-0.00262822
7.30018e-005,-0.00282259
7.30026e-005,-0.00296549
7.30043e-005,-0.00294861
7.30077e-005,-0.00278068
7.3011e-005,-0.00263669
7.30111e-005,-0.00245985
7.30113e-005,-0.00206475
7.30117e-005,-0.00113558
7.3012e-005,-0.00036726
7.30121e-005,-0.000287657
7.30122e-005,-0.000156097
7.30126e-005,0.401681
7.30132e-005,3.14926
7.30145e-005,3.17809
7.3017e-005,3.181
7.30222e-005,3.17665
7.30324e-005,3.16901
7.30529e-005,3.15268
7.30929e-005,2.86085
7.31329e-005,1.86228
7.31729e-005,1.26574
7.32129e-005,0.800577
7.32529e-005,0.559613
7.32929e-005,0.336374
7.33329e-005,0.252654
7.33729e-005,0.136098
7.34129e-005,0.119455
7.34529e-005,0.0500281
7.34929e-005,0.0615635
7.35329e-005,0.0133032
7.35729e-005,0.0362146
7.36129e-005,7.08513e-008
7.36529e-005,0.0249112
7.36929e-005,-2.53654e-007
7.37329e-005,0.0196877
7.37729e-005,-3.74835e-007
7.38129e-005,0.0171153
7.38529e-005,-4.21822e-007
7.38929e-005,0.015716
7.39329e-005,-4.32512e-007
7.39729e-005,0.0148509
7.4e-005,-4.21198e-007
7.40001e-005,-0.000174394
7.40003e-005,-0.000568272
7.40007e-005,-0.00151551
7.4001e-005,-0.00230982
7.40011e-005,-0.00237064
7.40012e-005,-0.00247501
7.40014e-005,-0.00262823
7.40018e-005,-0.0028226
7.40026e-005,-0.0029655
7.40043e-005,-0.00294863
7.40077e-005,-0.0027807
7.4011e-005,-0.00263671
7.40111e-005,-0.00245987
7.40113e-005,-0.00206477
7.40117e-005,-0.0011356
7.4012e-005,-0.000367271
7.40121e-005,-0.000287667
7.40122e-005,-0.000156106
7.40126e-005,0.401569
7.40132e-005,3.14926
7.40145e-005,3.17809
7.4017e-005,3.181
7.40222e-005,3.17665
7.40324e-005,3.16901
7.40529e-005,3.15268
7.40929e-005,2.86087
7.41329e-005,1.86229
7.41729e-005,1.26575
7.42129e-005,0.800583
7.42529e-005,0.559618
7.42929e-005,0.336377
7.43329e-005,0.252656
7.43729e-005,0.136099
7.44129e-005,0.119456
7.44529e-005,0.0500285
7.44929e-005,0.0615644
7.45329e-005,0.0133032
7.45729e-005,0.0362152
7.46129e-005,7.08456e-008
7.46529e-005,0.0249116
7.46929e-005,-2.53667e-007
7.47329e-005,0.019688
7.47729e-005,-3.74844e-007
7.48129e-005,0.0171156
7.48529e-005,-4.21831e-007
7.48929e-005,0.0157162
7.49329e-005,-4.3252e-007
7.49729e-005,0.0148511
7.5e-005,-4.21204e-007
7.50001e-005,-0.000174394
7.50003e-005,-0.000568273
7.50007e-005,-0.00151551
7.5001e-005,-0.00230983
7.50011e-005,-0.00237064
7.50012e-005,-0.00247501
7.50014e-005,-0.00262824
7.50018e-005,-0.00282261
7.50026e-005,-0.00296552
7.50043e-005,-0.00294865
7.50077e-005,-0.00278072
7.5011e-005,-0.00263673
7.50111e-005,-0.00245988
7.50113e-005,-0.00206479
7.50117e-005,-0.00113561
7.5012e-005,-0.000367282
7.50121e-005,-0.000287677
7.50122e-005,-0.000156114
7.50126e-005,0.401457
7.50132e-005,3.14926
7.50145e-005,3.17809
7.5017e-005,3.181
7.50222e-005,3.17665
7.50324e-005,3.16901
7.50529e-005,3.15268
7.50929e-005,2.86089
7.51329e-005,1.8623
7.51729e-005,1.26575
7.52129e-005,0.800588
7.52529e-005,0.559623
7.52929e-005,0.33638
7.53329e-005,0.252659
7.53729e-005,0.1361
7.54129e-005,0.119458
7.54529e-005,0.0500289
7.54929e-005,0.0615653
7.55329e-005,0.0133032
7.55729e-005,0.0362158
7.56129e-005,7.08398e-008
7.56529e-005,0.024912
7.56929e-005,-2.53679e-007
7.57329e-005,0.0196883
7.57729e-005,-3.74853e-007
7.58129e-005,0.0171158
7.58529e-005,-4.2184e-007
7.58929e-005,0.0157164
7.59329e-005,-4.32528e-007
7.59729e-005,0.0148513
7.6e-005,-4.2121e-007
7.60001e-005,-0.000174394
7.60003e-005,-0.000568273
7.60007e-005,-0.00151552
7.6001e-005,-0.00230983
7.60011e-005,-0.00237065
7.60012e-005,-0.00247502
7.60014e-005,-0.00262825
7.60018e-005,-0.00282262
7.60026e-005,-0.00296553
7.60043e-005,-0.00294866
7.60077e-005,-0.00278073
7.6011e-005,-0.00263675
7.60111e-005,-0.0024599
7.60113e-005,-0.0020648
7.60117e-005,-0.00113563
7.6012e-005,-0.000367293
7.60121e-005,-0.000287687
7.60122e-005,-0.000156122
7.60126e-005,0.401345
7.60132e-005,3.14926
7.60145e-005,3.17809
7.6017e-005,3.181
7.60222e-005,3.17665
7.60324e-005,3.16901
7.60529e-005,3.15268
7.60929e-005,2.8609
7.61329e-005,1.86231
7.61729e-005,1.26576
7.62129e-005,0.800594
7.62529e-005,0.559628
7.62929e-005,0.336382
7.63329e-005,0.252662
7.63729e-005,0.136101
7.64129e-005,0.11946
7.64529e-005,0.0500292
7.64929e-005,0.0615662
7.65329e-005,0.0133033
7.65729e-005,0.0362164
7.66129e-005,7.0834e-008
7.66529e-005,0.0249124
7.66929e-005,-2.53692e-007
7.67329e-005,0.0196887
7.67729e-005,-3.74862e-007
7.68129e-005,0.017116
7.68529e-005,-4.21848e-007
7.68929e-005,0.0157166
7.69329e-005,-4.32536e-007
7.69729e-005,0.0148514
7.7e-005,-4.21216e-007
7.70001e-005,-0.000174394
7.70003e-005,-0.000568274
7.70007e-005,-0.00151552
7.7001e-005,-0.00230984
7.70011e-005,-0.00237065
7.70012e-005,-0.00247503
7.70014e-005,-0.00262826
7.70018e-005,-0.00282264
7.70026e-005,-0.00296555
7.70043e-005,-0.00294868
7.70077e-005,-0.00278075
7.7011e-005,-0.00263676
7.70111e-005,-0.00245992
7.70113e-005,-0.00206482
7.70117e-005,-0.00113564
7.7012e-005,-0.000367304
7.70121e-005,-0.000287697
7.70122e-005,-0.000156131
7.70126e-005,0.401233
7.70132e-005,3.14926
7.70145e-005,3.17809
7.7017e-005,3.181
7.70222e-005,3.17665
7.70324e-005,3.16901
7.70529e-005,3.15268
7.70929e-005,2.86092
7.71329e-005,1.86232
7.71729e-005,1.26577
7.72129e-005,0.800599
7.72529e-005,0.559633
7.72929e-005,0.336385
7.73329e-005,0.252664
7.73729e-005,0.136102
7.74129e-005,0.119461
7.74529e-005,0.0500296
7.74929e-005,0.0615671
7.75329e-005,0.0133033
7.75729e-005,0.036217
7.76129e-005,7.08283e-008
7.76529e-005,0.0249128
7.76929e-005,-2.53705e-007
7.77329e-005,0.019689
7.77729e-005,-3.74871e-007
7.78129e-005,0.0171163
7.78529e-005,-4.21857e-007
7.78929e-005,0.0157168
7.79329e-005,-4.32543e-007
7.79729e-005,0.0148516
7.8e-005,-4.21222e-007
7.80001e-005,-0.000174394
7.80003e-005,-0.000568274
7.80007e-005,-0.00151552
7.8001e-005,-0.00230984
7.80011e-005,-0.00237066
7.80012e-005,-0.00247504
7.80014e-005,-0.00262827
7.80018e-005,-0.00282265
7.80026e-005,-0.00296556
7.80043e-005,-0.0029487
7.80077e-005,-0.00278077
7.8011e-005,-0.00263678
7.80111e-005,-0.00245994
7.80113e-005,-0.00206484
7.80117e-005,-0.00113566
7.8012e-005,-0.000367315
7.80121e-005,-0.000287707
7.80122e-005,-0.000156139
7.80126e-005,0.40112
7.80132e-005,3.14926
7.80145e-005,3.17809
7.8017e-005,3.181
7.80222e-005,3.17665
7.80324e-005,3.16901
7.80529e-005,3.15268
7.80929e-005,2.86094
7.81329e-005,1.86233
7.81729e-005,1.26578
7.82129e-005,0.800604
7.82529e-005,0.559638
7.82929e-005,0.336387
7.83329e-005,0.252667
7.83729e-005,0.136103
7.84129e-005,0.119463
7.84529e-005,0.0500299
7.84929e-005,0.0615681
7.85329e-005,0.0133033
7.85729e-005,0.0362176
7.86129e-005,7.08226e-008
7.86529e-005,0.0249132
7.86929e-005,-2.53717e-007
7.87329e-005,0.0196893
7.87729e-005,-3.7488e-007
7.88129e-005,0.0171165
7.88529e-005,-4.21866e-007
7.88929e-005,0.015717
7.89329e-005,-4.32551e-007
7.89729e-005,0.0148518
7.9e-005,-4.21228e-007
7.90001e-005,-0.000174394
7.90003e-005,-0.000568275
7.90007e-005,-0.00151552
7.9001e-005,-0.00230985
7.90011e-005,-0.00237067
7.90012e-005,-0.00247504
7.90014e-005,-0.00262828
7.90018e-005,-0.00282266
7.90026e-005,-0.00296558
7.90043e-005,-0.00294871
7.90077e-005,-0.00278078
7.9011e-005,-0.0026368
7.90111e-005,-0.00245995
7.90113e-005,-0.00206485
7.90117e-005,-0.00113567
7.9012e-005,-0.000367326
7.90121e-005,-0.000287717
7.90122e-005,-0.000156148
7.90126e-005,0.401008
7.90132e-005,3.14926
7.90145e-005,3.17809
7.9017e-005,3.181
7.90222e-005,3.17665
7.90324e-005,3.16901
7.90529e-005,3.15268
7.90929e-005,2.86095
7.91329e-005,1.86234
7.91729e-005,1.26579
7.92129e-005,0.80061
7.92529e-005,0.559643
7.92929e-005,0.33639
7.93329e-005,0.25267
7.93729e-005,0.136104
7.94129e-005,0.119464
7.94529e-005,0.0500303
7.94929e-005,0.061569
7.95329e-005,0.0133033
7.95729e-005,0.0362182
7.96129e-005,7.08169e-008
7.96529e-005,0.0249136
7.96929e-005,-2.53729e-007
7.97329e-005,0.0196896
7.97729e-005,-3.7489e-007
7.98129e-005,0.0171168
7.98529e-005,-4.21875e-007
7.98929e-005,0.0157172
7.99329e-005,-4.32559e-007
7.99729e-005,0.0148519
8e-005,-4.21234e-007
8.00001e-005,-0.000174394
8.00003e-005,-0.000568276
8.00007e-005,-0.00151553
8.0001e-005,-0.00230986
