0,0.940257
2e-010,0.940338
2.17125e-010,0.940369
2.51374e-010,0.940319
3.19873e-010,0.940255
4.5687e-010,0.940329
7.30865e-010,0.940262
1.27886e-009,0.940343
2.37484e-009,0.940288
4.5668e-009,0.940596
8.95072e-009,0.94008
1.71377e-008,0.940221
2e-008,0.940104
2.11308e-008,0.940193
2.33924e-008,0.940231
2.79157e-008,0.940297
3.69622e-008,0.94028
5.50553e-008,0.940239
9.12414e-008,0.940148
1.44243e-007,0.944012
1.92022e-007,0.941535
2.60038e-007,0.942338
3.28363e-007,0.942116
4.45605e-007,0.94218
6.04559e-007,0.942293
7.84739e-007,0.942187
1.08025e-006,0.942416
1.54563e-006,0.942381
2.47316e-006,0.943021
3.98769e-006,0.944068
7.01676e-006,0.948498
1.002e-005,0.955022
1.0022e-005,0.955094
1.0026e-005,0.955158
1.0034e-005,0.955158
1.004e-005,0.955151
1.00416e-005,0.95515
1.00448e-005,0.955154
1.00512e-005,0.955165
1.0064e-005,0.955189
1.00896e-005,0.955231
1.01408e-005,0.955297
1.0196e-005,0.955506
1.02468e-005,0.954153
1.03206e-005,0.956361
1.03988e-005,0.954004
1.05002e-005,0.956841
1.06083e-005,0.954656
1.07355e-005,0.957192
1.08847e-005,0.955556
1.10829e-005,0.958184
1.13657e-005,0.956985
1.18007e-005,0.960063
1.2516e-005,0.960367
1.3483e-005,0.964814
1.47969e-005,0.96704
1.69712e-005,0.974846
2.13037e-005,0.986353
2.99686e-005,1.01336
3.99686e-005,1.04233
4.99686e-005,1.07288
5.99686e-005,1.1019
6.99686e-005,1.13302
7.99686e-005,1.16273
8.99686e-005,1.19366
9.99686e-005,1.22317
0.000109969,1.25425
0.000119969,1.28383
0.000129969,1.31407
0.000139969,1.34246
0.000149969,1.37227
0.000159969,1.4014
0.000169969,1.43215
0.000179969,1.46187
0.000189969,1.49215
0.000199969,1.52035
0.000209969,1.54885
0.000219969,1.57578
0.000229969,1.60337
0.000239969,1.62918
0.000249969,1.65516
0.000259969,1.67974
0.000269969,1.705
0.000279969,1.72903
0.000289969,1.75382
0.000299969,1.77727
0.000309969,1.80152
0.000319969,1.82469
0.000329969,1.84849
0.000339969,1.87085
0.000349969,1.89374
0.000359969,1.91527
0.000369969,1.93772
0.000379969,1.95928
0.000389969,1.9817
0.000399969,2.00273
0.000409969,2.0248
0.000419969,2.04659
0.000429969,2.0699
0.000439969,2.09191
0.000449969,2.11455
0.000459969,2.13684
0.000469969,2.16079
0.000479969,2.18316
0.000489969,2.20565
0.000499969,2.22637
0.000509969,2.24748
0.000519969,2.26788
0.000529969,2.28975
0.000539969,2.3107
0.000549969,2.33239
0.000559969,2.35231
0.000569969,2.37252
0.000579969,2.39096
0.000589969,2.40922
0.000599969,2.42556
0.000609969,2.4428
0.000619969,2.45903
0.000629969,2.47638
0.000639969,2.49335
0.000649969,2.51177
0.000659969,2.52891
0.000669969,2.54679
0.000679969,2.56335
0.000689969,2.58052
0.000699969,2.59633
0.000709969,2.61296
0.000719969,2.62825
0.000729969,2.64414
0.000739969,2.65894
0.000749969,2.67488
0.000759969,2.68949
0.000769969,2.70462
0.000779969,2.71839
0.000789969,2.73322
0.000799969,2.74697
0.000809969,2.76148
0.000819969,2.77495
0.000829969,2.78981
0.000839969,2.80376
0.000849969,2.81866
0.000859969,2.83182
0.000869969,2.84482
0.000879969,2.85585
0.000889969,2.86728
0.000899969,2.87712
0.000909969,2.88773
0.000919969,2.8972
0.000929969,2.90753
0.000939969,2.91635
0.000949969,2.9257
0.000959969,2.93338
0.000969969,2.94147
0.000979969,2.948
0.000989969,2.95515
0.000999969,2.96081
0.001,2.96139
0.001,2.96107
0.001,2.9607
0.001,2.96066
0.00100001,2.96106
0.00100001,2.96116
0.00100002,2.96104
0.00100002,2.96101
0.00100002,2.96114
0.00100002,2.96123
0.00100003,2.96098
0.00100004,2.96115
0.00100007,2.96115
0.00100011,2.96121
0.00100019,2.96118
0.00100027,2.96127
0.00100035,2.96129
0.00100045,2.96136
0.00100059,2.96144
0.00100082,2.96159
0.00100109,2.96176
0.00100161,2.96209
0.00100267,2.96281
0.00100478,2.96436
0.00100765,2.96674
0.00101002,2.96892
0.00101002,2.96894
0.00101003,2.96895
0.00101003,2.96893
0.00101004,2.96894
0.00101004,2.96895
0.00101004,2.96895
0.00101005,2.96896
0.00101006,2.96897
0.00101009,2.96899
0.00101014,2.96903
0.0010102,2.9691
0.00101025,2.96913
0.00101032,2.96923
0.0010104,2.96923
0.00101051,2.96949
0.00101062,2.96937
0.00101081,2.96984
0.001011,2.9697
0.00101139,2.97043
0.00101188,2.97053
0.00101267,2.97166
0.00101362,2.97217
0.00101508,2.9739
0.00101734,2.97557
0.00102187,2.97995
0.00103092,2.98704
0.00104092,2.995
0.00105092,3.00146
0.00106092,3.0079
0.00107092,3.01281
0.00108092,3.018
0.00109092,3.02213
0.00110092,3.02687
0.00111092,3.03025
0.00112092,3.03366
0.00113092,3.0361
0.00114092,3.03952
0.00115092,3.04183
0.00116092,3.04434
0.00117092,3.0458
0.00118092,3.04814
0.00119092,3.04986
0.00120092,3.05257
0.00121092,3.0547
0.00122092,3.05789
0.00123092,3.06036
0.00124092,3.06372
0.00125092,3.06603
0.00126092,3.06849
0.00127092,3.06957
0.00128092,3.07106
0.00129092,3.0715
0.00130092,3.07273
0.00131092,3.07321
0.00132092,3.07456
0.00133092,3.07475
0.00134092,3.07511
0.00135092,3.07431
0.00136092,3.07423
0.00137092,3.07332
0.00138092,3.07323
0.00139092,3.07188
0.00140092,3.07059
0.00141092,3.06785
0.00142092,3.06553
0.00143092,3.06205
0.00144092,3.05917
0.00145092,3.05553
0.00146092,3.05284
0.00147092,3.04921
0.00148092,3.0463
0.00149092,3.04265
0.00150092,3.04009
0.00151092,3.03705
0.00152092,3.03521
0.00153092,3.03264
0.00154092,3.03083
0.00155092,3.02822
0.00156092,3.02656
0.00157092,3.02427
0.00158092,3.02323
0.00159092,3.02155
0.00160092,3.0206
0.00161092,3.01887
0.00162092,3.01833
0.00163092,3.01699
0.00164092,3.01626
0.00165092,3.01458
0.00166092,3.01393
0.00167092,3.01289
0.00168092,3.01331
0.00169092,3.01325
0.00170092,3.01427
0.00171092,3.01427
0.00172092,3.01455
0.00173092,3.01352
0.00174092,3.01319
0.00175092,3.01185
0.00176092,3.01122
0.00177092,3.00959
0.00178092,3.00886
0.00179092,3.00782
0.00180092,3.00857
0.00181092,3.00872
0.00182092,3.00952
0.00183092,3.00921
0.00184092,3.00951
0.00185092,3.00888
0.00186092,3.0093
0.00187092,3.00896
0.00188092,3.00955
0.00189092,3.00961
0.00190092,3.01121
0.00191092,3.01195
0.00192092,3.01315
0.00193092,3.01316
0.00194092,3.01384
0.00195092,3.01351
0.00196092,3.01406
0.00197092,3.01349
0.00198092,3.01341
0.00199092,3.0122
0.002,3.01188
0.002,3.01121
0.00200001,3.01145
0.00200001,3.01194
0.00200002,3.01152
0.00200002,3.01166
0.00200002,3.01154
0.00200003,3.01159
0.00200003,3.01169
0.00200005,3.01151
0.00200008,3.01181
0.00200013,3.01157
0.00200019,3.01169
0.00200026,3.01158
0.00200034,3.01166
0.00200046,3.01158
0.00200065,3.01163
0.00200086,3.01156
0.00200119,3.01159
0.00200185,3.01153
0.00200318,3.01159
0.00200544,3.01177
0.00200888,3.01257
0.00201002,3.01288
0.00201002,3.01288
0.00201003,3.01289
0.00201003,3.01291
0.00201004,3.01291
0.00201004,3.01291
0.00201004,3.01291
0.00201005,3.01291
0.00201006,3.01292
0.00201009,3.01292
0.00201014,3.01294
0.0020102,3.01297
0.00201025,3.01297
0.00201032,3.01302
0.0020104,3.01296
0.00201051,3.01317
0.00201062,3.01297
0.00201081,3.01333
0.002011,3.01307
0.00201139,3.01355
0.00201188,3.01336
0.00201268,3.014
0.00201363,3.01395
0.0020151,3.01483
0.00201739,3.01521
0.00202132,3.01677
0.00202535,3.01754
0.00203137,3.01968
0.00203731,3.021
0.00204731,3.02416
0.00205731,3.02613
0.00206731,3.02836
0.00207731,3.0295
0.00208731,3.03123
0.00209731,3.03203
0.00210731,3.03346
0.00211731,3.03399
0.00212731,3.03515
0.00213731,3.03515
0.00214731,3.03549
0.00215731,3.03488
0.00216731,3.03505
0.00217731,3.03436
0.00218731,3.03435
0.00219731,3.03339
0.00220731,3.03312
0.00221731,3.03162
0.00222731,3.03017
0.00223731,3.02776
0.00224731,3.02645
0.00225731,3.02463
0.00226731,3.02389
0.00227731,3.02255
0.00228731,3.02217
0.00229731,3.0211
0.00230731,3.02087
0.00231731,3.01978
0.00232731,3.01949
0.00233731,3.01832
0.00234731,3.0178
0.00235731,3.01656
0.00236731,3.01637
0.00237731,3.01563
0.00238731,3.01593
0.00239731,3.01515
0.00240731,3.01457
0.00241731,3.01304
0.00242731,3.01266
0.00243731,3.01181
0.00244731,3.01207
0.00245731,3.01179
0.00246731,3.01269
0.00247731,3.01289
0.00248731,3.01376
0.00249731,3.01397
0.00250731,3.01554
0.00251731,3.0163
0.00252731,3.01748
0.00253731,3.01752
0.00254731,3.01813
0.00255731,3.01769
0.00256731,3.01786
0.00257731,3.01715
0.00258731,3.01744
0.00259731,3.01729
0.00260731,3.01859
0.00261731,3.01937
0.00262731,3.02098
0.00263731,3.02188
0.00264731,3.02388
0.00265731,3.02474
0.00266731,3.02567
0.00267731,3.02551
0.00268731,3.02649
0.00269731,3.02689
0.00270731,3.02834
0.00271731,3.02876
0.00272731,3.02969
0.00273731,3.02996
0.00274731,3.03168
0.00275731,3.03252
0.00276731,3.03354
0.00277731,3.03342
0.00278731,3.0343
0.00279731,3.03467
0.00280731,3.03638
0.00281731,3.0372
0.00282731,3.0385
0.00283731,3.03882
0.00284731,3.04015
0.00285731,3.04031
0.00286731,3.0405
0.00287731,3.03904
0.00288731,3.03782
0.00289731,3.03544
0.00290731,3.03393
0.00291731,3.03146
0.00292731,3.02982
0.00293731,3.0275
0.00294731,3.02638
0.00295731,3.02482
0.00296731,3.02464
0.00297731,3.02387
0.00298731,3.02421
0.00299731,3.02357
0.003,3.02389
0.003,3.02333
0.00300001,3.02343
0.00300001,3.02388
0.00300002,3.0236
0.00300002,3.02354
0.00300002,3.02378
0.00300003,3.0236
0.00300003,3.02363
0.00300005,3.02378
0.00300007,3.02353
0.00300013,3.02388
0.00300019,3.02347
0.00300025,3.02384
0.00300033,3.02349
0.00300044,3.0238
0.00300065,3.02349
0.00300083,3.02378
0.00300116,3.02349
0.00300182,3.02378
0.00300314,3.02357
0.00300516,3.02408
0.00300885,3.02468
0.00301002,3.02533
0.00301002,3.02528
0.00301003,3.02521
0.00301003,3.02518
0.00301004,3.02521
0.00301004,3.02521
0.00301004,3.02521
0.00301005,3.02521
0.00301006,3.02521
0.00301009,3.02522
0.00301014,3.02524
0.0030102,3.02527
0.00301025,3.02527
0.00301032,3.02532
0.0030104,3.02526
0.00301051,3.02549
0.00301062,3.02526
0.00301081,3.02565
0.003011,3.02536
0.00301139,3.02588
0.00301188,3.02566
0.00301268,3.02635
0.00301363,3.02627
0.00301509,3.0272
0.00301735,3.02757
0.00302189,3.02955
0.00302998,3.03173
0.00303998,3.03496
0.00304998,3.0371
0.00305998,3.04005
0.00306998,3.04196
0.00307998,3.04432
0.00308998,3.04517
0.00309998,3.0461
0.00310998,3.046
0.00311998,3.047
0.00312921,3.04741
0.00313921,3.0492
0.00314921,3.05004
0.00315921,3.0511
0.00316921,3.05087
0.00317921,3.05128
0.00318921,3.05073
0.00319921,3.05103
0.00320921,3.05053
0.00321921,3.05098
0.00322921,3.05087
0.00323921,3.05213
0.00324921,3.05259
0.00325921,3.0536
0.00326921,3.05384
0.00327921,3.05531
0.00328902,3.05585
0.00329902,3.05687
0.00330902,3.05685
0.00331902,3.05785
0.00332902,3.05791
0.00333902,3.05849
0.00334902,3.0577
0.00335902,3.05713
0.00336902,3.05542
0.00337902,3.05458
0.00338902,3.05268
0.00339902,3.05139
0.00340902,3.04932
0.00341902,3.04848
0.00342902,3.04687
0.00343902,3.04608
0.00344902,3.04445
0.00345902,3.04386
0.00346902,3.04219
0.00347902,3.04088
0.00348902,3.03821
0.00349902,3.03615
0.00350902,3.03336
0.00351902,3.03195
0.00352902,3.02995
0.00353902,3.02901
0.00354902,3.02747
0.00355902,3.02727
0.00356902,3.02625
0.00357902,3.0259
0.00358902,3.02468
0.00359902,3.02462
0.00360902,3.02415
0.00361902,3.02534
0.00362902,3.02595
0.00363902,3.0274
0.00364902,3.02792
0.00365902,3.0295
0.00366902,3.03
0.00367902,3.03095
0.00368902,3.03052
0.00369902,3.0305
0.00370902,3.02967
0.00371902,3.03043
0.00372802,3.03096
0.00373802,3.03348
0.00374802,3.03548
0.00375802,3.03829
0.00376802,3.03998
0.00377802,3.04231
0.00378802,3.0435
0.00379802,3.04543
0.00380802,3.04602
0.00381802,3.04705
0.00382802,3.04676
0.00383802,3.04709
0.00384802,3.04652
0.00385802,3.04714
0.00386802,3.04704
0.00387802,3.04809
0.00388802,3.04805
0.00389802,3.04851
0.00390802,3.04798
0.00391802,3.04856
0.00392752,3.04829
0.00393752,3.04917
0.00394752,3.0492
0.00395752,3.05001
0.00396752,3.04968
0.00397752,3.05025
0.00398752,3.05002
0.00399752,3.05086
0.004,3.05046
0.004,3.05071
0.00400001,3.05075
0.00400001,3.05075
0.00400002,3.05062
0.00400002,3.05032
0.00400002,3.05051
0.00400003,3.05086
0.00400004,3.05089
0.00400005,3.05047
0.00400008,3.05085
0.00400013,3.05066
0.00400019,3.05072
0.00400026,3.05069
0.00400034,3.0507
0.00400046,3.05071
0.00400066,3.0507
0.00400086,3.05073
0.0040012,3.05072
0.00400187,3.0508
0.00400323,3.05091
0.00400547,3.05134
0.00400899,3.05227
0.00401002,3.05267
0.00401002,3.05263
0.00401003,3.05262
0.00401003,3.05266
0.00401004,3.05266
0.00401004,3.05266
0.00401004,3.05265
0.00401005,3.05266
0.00401006,3.05266
0.00401009,3.05267
0.00401014,3.05268
0.0040102,3.05273
0.00401025,3.05271
0.00401032,3.05278
0.0040104,3.0527
0.00401051,3.05295
0.00401062,3.05272
0.00401081,3.05311
0.004011,3.05283
0.00401139,3.05334
0.00401188,3.05314
0.00401268,3.05382
0.00401363,3.05376
0.00401508,3.05467
0.00401735,3.05503
0.00402188,3.05688
0.00402888,3.05847
0.00403888,3.06121
0.00404888,3.06277
0.00405888,3.06504
0.00406888,3.06576
0.00407888,3.06617
0.00408888,3.06565
0.00409572,3.06631
0.00410224,3.0662
0.00411224,3.06697
0.00412224,3.06662
0.00413224,3.06678
0.00414224,3.06584
0.00415224,3.06552
0.00416224,3.0642
0.00417224,3.06349
0.00418224,3.06184
0.00419224,3.06098
0.00420224,3.05945
0.00421224,3.05921
0.00422224,3.05875
0.00423224,3.05979
0.00424224,3.06008
0.00425224,3.06079
0.00426224,3.06054
0.00427212,3.06139
0.00428212,3.06152
0.00429212,3.06239
0.00430212,3.06211
0.00431212,3.06228
0.00432212,3.06134
0.00433212,3.06104
0.00434212,3.05963
0.00435212,3.05888
0.00436212,3.05721
0.00437212,3.05635
0.00438212,3.05461
0.00439212,3.05371
0.00440212,3.05222
0.00441212,3.05206
0.00442212,3.05132
0.00443212,3.05149
0.00444212,3.05089
0.00445212,3.05138
0.00446212,3.0511
0.00447212,3.05156
0.00448212,3.05093
0.00449212,3.05091
0.00450212,3.04968
0.00451212,3.0489
0.00452212,3.04744
0.00453186,3.04759
0.00454076,3.04728
0.00455076,3.04797
0.00456076,3.04788
0.00457076,3.04873
0.00458076,3.04878
0.00459076,3.04981
0.00460076,3.05014
0.00461076,3.05142
0.00462076,3.05184
0.00463076,3.05311
0.00464076,3.05317
0.00465076,3.05353
0.00466076,3.05271
0.00467076,3.05265
0.00468076,3.05144
0.00469076,3.05084
0.00470076,3.04946
0.00471076,3.04922
0.00472076,3.04829
0.00473076,3.04839
0.00474076,3.04755
0.00475076,3.04743
0.00476076,3.04638
0.00477076,3.04619
0.00478076,3.04511
0.00479076,3.04488
0.00480076,3.04372
0.00481076,3.04346
0.00482076,3.04213
0.00483076,3.04132
0.00484076,3.03944
0.00485076,3.03848
0.00486076,3.03686
0.00487076,3.03661
0.00488076,3.03605
0.00489076,3.03699
0.00490076,3.03732
0.00491076,3.03859
0.00492076,3.03878
0.00493076,3.03949
0.00494076,3.03896
0.00495076,3.03911
0.00496076,3.03821
0.00497076,3.03823
0.00498076,3.03718
0.00499076,3.03664
0.005,3.03513
0.005,3.03522
0.00500001,3.03529
0.00500001,3.03547
0.00500002,3.03524
0.00500002,3.03523
0.00500002,3.03565
0.00500003,3.03532
0.00500004,3.03522
0.00500005,3.03543
0.00500007,3.03528
0.00500012,3.0355
0.00500018,3.0352
0.00500025,3.03545
0.00500033,3.03521
0.00500043,3.03541
0.00500063,3.03519
0.00500082,3.03537
0.00500113,3.03516
0.00500174,3.03531
0.00500298,3.03511
0.00500486,3.03538
0.00500851,3.03579
0.00501002,3.03635
0.00501002,3.03632
0.00501003,3.03628
0.00501003,3.03626
0.00501004,3.03628
0.00501004,3.03628
0.00501004,3.03628
0.00501005,3.03627
0.00501006,3.03628
0.00501009,3.03628
0.00501014,3.03629
0.0050102,3.03633
0.00501025,3.03631
0.00501032,3.03637
0.0050104,3.03629
0.00501051,3.03654
0.00501062,3.03629
0.00501081,3.03666
0.005011,3.03637
0.00501139,3.03685
0.00501188,3.03662
0.00501268,3.03723
0.00501363,3.03711
0.00501508,3.03792
0.00501735,3.03815
0.00502188,3.03981
0.00502881,3.04116
0.00503705,3.04324
0.00504556,3.04438
0.00505556,3.04662
0.00506556,3.04794
0.00507556,3.0498
0.00508556,3.05035
0.00509556,3.0509
0.00510556,3.05013
0.00511556,3.05013
0.00512556,3.04905
0.00513556,3.04817
0.00514556,3.04625
0.00515556,3.04529
0.00516556,3.04337
0.00517556,3.04195
0.00518556,3.03985
0.00519556,3.03904
0.00520556,3.03778
0.00521556,3.03758
0.00522556,3.03684
0.00523556,3.03719
0.00524556,3.03662
0.00525556,3.03655
0.00526556,3.0354
0.00527556,3.03494
0.00528556,3.03375
0.00529556,3.03364
0.00530556,3.03266
0.00531556,3.03221
0.00532556,3.03043
0.00533556,3.02897
0.00534556,3.02676
0.00535556,3.0259
0.00536556,3.02432
0.00537556,3.02342
0.00538556,3.02168
0.00539556,3.02089
0.00540556,3.01946
0.00541556,3.01926
0.00542556,3.0186
0.00543556,3.01903
0.00544556,3.01864
0.00545556,3.01902
0.00546556,3.01852
0.00547556,3.01886
0.00548556,3.01822
0.00549556,3.01825
0.00550556,3.01734
0.00551556,3.01735
0.00552556,3.0168
0.00553556,3.01754
0.00554556,3.01727
0.00555556,3.0172
0.00556556,3.01608
0.00557556,3.01609
0.00558556,3.01566
0.00559556,3.01664
0.00560556,3.01718
0.00561556,3.0189
0.00562556,3.02002
0.00563556,3.02233
0.00564556,3.02353
0.00565556,3.02485
0.00566556,3.02475
0.00567556,3.02521
0.00568556,3.02444
0.00569556,3.02407
0.00570556,3.02247
0.00571556,3.02167
0.00572556,3.02026
0.00573556,3.02025
0.00574556,3.01946
0.00575556,3.01922
0.00576556,3.01792
0.00577556,3.01768
0.00578556,3.01663
0.00579556,3.01639
0.00580556,3.01564
0.00581556,3.01671
0.00582556,3.01726
0.00583556,3.01849
0.00584556,3.01866
0.00585556,3.0197
0.00586556,3.02014
0.00587556,3.02206
0.00588556,3.02331
0.00589556,3.02543
0.00590556,3.02646
0.00591556,3.02811
0.00592556,3.02863
0.00593556,3.02985
0.00594556,3.02991
0.00595556,3.03067
0.00596556,3.03042
0.00597556,3.03101
0.00598556,3.03057
0.00599556,3.03084
0.006,3.03023
0.006,3.03043
0.00600001,3.03034
0.00600001,3.03046
0.00600002,3.03064
0.00600002,3.03067
0.00600002,3.03048
0.00600003,3.03049
0.00600004,3.03048
0.00600006,3.03035
0.00600009,3.03056
0.00600015,3.03046
0.0060002,3.03045
0.00600028,3.03046
0.00600036,3.03045
0.00600052,3.03045
0.00600068,3.03043
0.00600094,3.03044
0.00600128,3.03043
0.00600196,3.03046
0.00600322,3.03052
0.00600575,3.03088
0.00600886,3.03164
0.00601002,3.03203
0.00601002,3.03203
0.00601003,3.03202
0.00601003,3.03203
0.00601004,3.03204
0.00601004,3.03204
0.00601004,3.03203
0.00601005,3.03204
0.00601006,3.03204
0.00601009,3.03205
0.00601014,3.03206
0.0060102,3.0321
0.00601025,3.03209
0.00601032,3.03216
0.0060104,3.03208
0.00601051,3.03232
0.00601062,3.03208
0.00601081,3.03248
0.006011,3.03219
0.00601139,3.03271
0.00601188,3.03248
0.00601268,3.03316
0.00601363,3.03307
0.00601509,3.03397
0.00601736,3.03428
0.00602191,3.03618
0.0060271,3.0374
0.0060371,3.04088
0.0060471,3.04336
0.0060571,3.04655
0.0060671,3.04853
0.0060771,3.05089
0.0060871,3.0521
0.0060971,3.05405
0.0061071,3.0549
0.0061171,3.0562
0.0061271,3.05633
0.0061371,3.05716
0.0061471,3.05671
0.0061571,3.0566
0.0061671,3.0554
0.0061771,3.05496
0.0061861,3.05373
0.0061961,3.0535
0.0062061,3.05266
0.0062161,3.0529
0.0062261,3.05227
0.0062361,3.05243
0.0062461,3.05167
0.0062561,3.05174
0.0062661,3.05083
0.0062761,3.05071
0.0062861,3.04993
0.0062961,3.05062
0.0063061,3.05068
0.0063161,3.05153
0.0063261,3.05129
0.0063361,3.05174
0.0063461,3.05101
0.0063561,3.05081
0.0063661,3.04956
0.0063761,3.04922
0.0063861,3.04781
0.0063961,3.04705
0.0064061,3.04501
0.0064161,3.04331
0.0064261,3.04036
0.0064361,3.03811
0.0064461,3.03474
0.0064561,3.03219
0.0064661,3.029
0.0064761,3.02726
0.0064861,3.02488
0.0064961,3.02335
0.0065061,3.02123
0.0065161,3.02066
0.0065261,3.0197
0.0065361,3.0201
0.0065461,3.01982
0.0065561,3.02053
0.0065661,3.02074
0.0065761,3.0226
0.00658607,3.02366
0.00659607,3.02529
0.00660607,3.02579
0.00661607,3.02717
0.00662607,3.02769
0.00663607,3.0292
0.00664607,3.03013
0.00665607,3.03267
0.00666607,3.03471
0.00667607,3.03785
0.00668607,3.03994
0.00669607,3.04256
0.00670607,3.04376
0.00671607,3.04531
0.00672607,3.04557
0.00673607,3.04665
0.00674607,3.04663
0.00675607,3.04729
0.00676607,3.04716
0.00677607,3.04851
0.00678607,3.04915
0.00679607,3.0506
0.00680607,3.05095
0.00681607,3.05217
0.00682607,3.05235
0.00683607,3.05331
0.00684607,3.05294
0.00685607,3.05295
0.00686607,3.05214
0.00687423,3.05285
0.00688222,3.05282
0.00689222,3.05391
0.00690222,3.05388
0.00691222,3.05442
0.00692222,3.05408
0.00693222,3.05521
0.00694205,3.05526
0.00695205,3.05556
0.00696205,3.0544
0.00697205,3.05397
0.00698205,3.05255
0.00699205,3.05211
0.007,3.05077
0.007,3.05092
0.00700001,3.05131
0.00700001,3.05093
0.00700002,3.05081
0.00700002,3.05071
0.00700002,3.05101
0.00700003,3.05102
0.00700004,3.05111
0.00700005,3.05088
0.00700009,3.05111
0.00700014,3.05101
0.00700019,3.05096
0.00700027,3.05102
0.00700035,3.05094
0.00700048,3.051
0.00700067,3.05089
0.00700088,3.05096
0.00700122,3.05084
0.00700189,3.05089
0.00700323,3.05076
0.00700587,3.05099
0.00700911,3.05142
0.00701002,3.05173
0.00701002,3.05168
0.00701003,3.05166
0.00701003,3.05169
0.00701004,3.05169
0.00701004,3.05169
0.00701004,3.05168
0.00701005,3.05168
0.00701006,3.05169
0.00701009,3.05169
0.00701014,3.0517
0.0070102,3.05173
0.00701025,3.05172
0.00701032,3.05178
0.0070104,3.05171
0.00701051,3.05191
0.00701062,3.0517
0.00701081,3.05203
0.007011,3.05177
0.00701139,3.0522
0.00701188,3.05198
0.00701268,3.05254
0.00701363,3.05242
0.0070151,3.05314
0.00701739,3.05331
0.00702196,3.05466
0.0070311,3.05611
0.0070411,3.05837
0.0070511,3.05971
0.0070611,3.06159
0.0070711,3.06239
0.0070811,3.06341
0.0070911,3.06322
0.0071011,3.06334
0.0071111,3.06237
0.0071211,3.06185
0.0071311,3.06044
0.0071411,3.05975
0.0071511,3.0584
0.0071611,3.05788
0.0071711,3.05692
0.0071811,3.05741
0.0071911,3.05757
0.0072011,3.05857
0.0072111,3.05834
0.0072211,3.05796
0.0072311,3.05626
0.0072411,3.05502
0.0072511,3.05279
0.0072611,3.05112
0.0072711,3.04856
0.0072811,3.04667
0.0072911,3.04379
0.0073011,3.04153
0.0073111,3.03888
0.0073211,3.03768
0.0073311,3.03598
0.0073411,3.035
0.0073511,3.03276
0.0073611,3.03045
0.0073711,3.02705
0.0073811,3.02457
0.0073911,3.02188
0.0074011,3.02085
0.0074111,3.01951
0.0074211,3.0191
0.0074311,3.0181
0.0074411,3.01808
0.0074511,3.0174
0.0074611,3.01754
0.0074711,3.01679
0.0074811,3.01661
0.0074911,3.01578
0.0075011,3.01612
0.0075111,3.01597
0.0075211,3.01687
0.0075311,3.01718
0.0075411,3.01837
0.0075511,3.01872
0.0075611,3.01979
0.0075711,3.02009
0.0075811,3.02132
0.0075911,3.02176
0.0076011,3.02284
0.0076111,3.02327
0.0076211,3.02488
0.0076311,3.02575
0.0076411,3.02723
0.0076511,3.02767
0.0076611,3.02861
0.0076711,3.02847
0.0076811,3.029
0.0076911,3.02857
0.0077011,3.02884
0.0077111,3.02829
0.0077211,3.02869
0.0077311,3.02858
0.0077411,3.02966
0.0077511,3.03005
0.0077611,3.03136
0.0077711,3.03195
0.0077811,3.03338
0.0077911,3.03394
0.0078011,3.03539
0.0078111,3.03577
0.0078211,3.03644
0.0078311,3.03601
0.0078411,3.03624
0.0078511,3.03557
0.0078611,3.03584
0.0078711,3.03525
0.0078811,3.03532
0.0078911,3.03452
0.0079011,3.03471
0.0079111,3.03398
0.0079211,3.03381
0.0079311,3.03271
0.0079411,3.03264
0.0079511,3.03187
0.0079611,3.03193
0.0079711,3.03109
0.0079811,3.03126
0.0079911,3.03048
0.008,3.03015
0.008,3.0296
0.00800001,3.02991
0.00800001,3.02994
0.00800002,3.02997
0.00800002,3.02995
0.00800002,3.02974
0.00800003,3.02982
0.00800003,3.0301
0.00800005,3.0299
0.00800008,3.02994
0.00800013,3.03
0.00800019,3.02985
0.00800025,3.02999
0.00800033,3.02984
0.00800044,3.02996
0.00800062,3.02981
0.00800082,3.02993
0.00800113,3.02977
0.00800174,3.02987
0.00800298,3.02971
0.00800492,3.02995
0.00800844,3.03038
0.00801002,3.03093
0.00801002,3.0309
0.00801003,3.03085
0.00801003,3.03086
0.00801004,3.03087
0.00801004,3.03087
0.00801004,3.03087
0.00801005,3.03087
0.00801006,3.03087
0.00801009,3.03088
0.00801014,3.03089
0.0080102,3.03092
0.00801025,3.03092
0.00801032,3.03097
0.0080104,3.03091
0.00801051,3.0311
0.00801062,3.03092
0.00801081,3.03123
0.008011,3.031
0.00801139,3.03143
0.00801188,3.03124
0.00801268,3.03182
0.00801363,3.03173
0.0080151,3.0325
0.00801738,3.03276
0.00802115,3.03402
0.0080252,3.0345
0.0080323,3.03615
0.00803927,3.03693
0.00804927,3.03903
0.00805927,3.04014
0.00806927,3.04141
0.00807927,3.04159
0.00808927,3.04234
0.00809927,3.04218
0.00810927,3.04262
0.00811927,3.04179
0.00812927,3.04087
0.00813927,3.03914
0.00814927,3.03873
0.00815889,3.03786
0.00816889,3.0377
0.00817889,3.03673
0.00818889,3.03652
0.00819889,3.03533
0.00820889,3.03452
0.00821889,3.03283
0.00822889,3.03196
0.00823889,3.03034
0.00824889,3.02955
0.00825889,3.02807
0.00826889,3.02749
0.00827889,3.0261
0.00828889,3.02535
0.00829889,3.02369
0.00830889,3.02264
0.00831889,3.02069
0.00832889,3.01929
0.00833889,3.0168
0.00834889,3.01494
0.00835889,3.01268
0.00836889,3.01191
0.00837889,3.01099
0.00838889,3.01152
0.00839889,3.01144
0.00840889,3.01184
0.00841889,3.01134
0.00842889,3.01173
0.00843889,3.01121
0.00844889,3.01127
0.00845889,3.01055
0.00846889,3.01081
0.00847889,3.01043
0.00848889,3.01105
0.00849889,3.01089
0.00850889,3.01133
0.00851889,3.01067
0.00852889,3.0105
0.00853889,3.00943
0.00854889,3.00922
0.00855889,3.00843
0.00856889,3.0088
0.00857889,3.00883
0.00858889,3.01033
0.00859889,3.01109
0.00860889,3.0122
0.00861889,3.01232
0.00862889,3.01341
0.00863889,3.01393
0.00864889,3.01557
0.00865889,3.01601
0.00866889,3.0163
0.00867889,3.0156
0.00868786,3.01616
0.00869689,3.01624
0.00870689,3.01754
0.00871689,3.01823
0.00872689,3.01984
0.00873689,3.02036
0.00874689,3.02124
0.00875689,3.02131
0.00876689,3.02258
0.00877689,3.02307
0.00878689,3.02422
0.00879689,3.02437
0.00880689,3.02529
0.00881689,3.02537
0.00882689,3.02637
0.00883689,3.02652
0.00884689,3.02756
0.00885689,3.02793
0.00886689,3.02924
0.00887689,3.02931
0.00888689,3.02961
0.00889689,3.02866
0.00890689,3.02827
0.00891689,3.02668
0.00892689,3.02569
0.00893689,3.02416
0.00894689,3.02424
0.00895689,3.02354
0.00896689,3.02317
0.00897689,3.02138
0.00898689,3.01989
0.00899689,3.01747
0.009,3.01737
0.009,3.01686
0.00900001,3.01682
0.00900001,3.01743
0.00900002,3.0171
0.00900002,3.01704
0.00900002,3.01689
0.00900003,3.01701
0.00900003,3.01742
0.00900005,3.01692
0.00900008,3.01729
0.00900012,3.01715
0.00900019,3.01709
0.00900026,3.01715
0.00900034,3.01704
0.00900044,3.01713
0.0090006,3.01699
0.00900082,3.01708
0.00900109,3.01692
0.00900164,3.01699
0.00900274,3.01678
0.00900468,3.01691
0.00900788,3.01713
0.00901002,3.01774
0.00901002,3.01769
0.00901003,3.01765
0.00901003,3.01768
0.00901004,3.01769
0.00901004,3.01769
0.00901004,3.01768
0.00901005,3.01768
0.00901006,3.01769
0.00901009,3.01769
0.00901014,3.0177
0.0090102,3.01773
0.00901025,3.01772
0.00901032,3.01777
0.0090104,3.0177
0.00901051,3.01793
0.00901062,3.01769
0.00901081,3.01806
0.009011,3.01776
0.00901139,3.01824
0.00901188,3.01799
0.00901268,3.0186
0.00901363,3.01846
0.0090151,3.01926
0.00901738,3.01946
0.00902156,3.02109
0.00902589,3.02196
0.00903294,3.02432
0.00903973,3.02553
0.00904973,3.02776
0.00905973,3.02866
0.00906973,3.03015
0.00907973,3.03085
0.00908973,3.03276
0.00909973,3.03407
0.00910973,3.03632
0.00911973,3.03751
0.00912973,3.03898
0.00913973,3.03912
0.00914973,3.03988
0.00915973,3.03945
0.00916973,3.03946
0.00917973,3.03864
0.00918973,3.03882
0.00919973,3.03793
0.00920973,3.03743
0.00921973,3.03579
0.00922973,3.03502
0.00923973,3.03361
0.00924973,3.03335
0.00925973,3.03225
0.00926973,3.03206
0.00927973,3.0314
0.00928973,3.03212
0.00929973,3.03206
0.00930973,3.03266
0.00931973,3.03247
0.00932973,3.03344
0.00933973,3.03366
0.00934973,3.03475
0.00935973,3.03466
0.00936973,3.03501
0.00937973,3.03442
0.00938973,3.03481
0.00939973,3.03403
0.00940973,3.03364
0.00941973,3.03203
0.00942973,3.03107
0.00943973,3.02927
0.00944973,3.02876
0.00945973,3.02761
0.00946973,3.02734
0.00947973,3.02581
0.00948973,3.02456
0.00949973,3.02236
0.00950973,3.0214
0.00951973,3.01971
0.00952973,3.01907
0.00953973,3.01783
0.00954973,3.0178
0.00955973,3.0167
0.00956973,3.01603
0.00957973,3.01486
0.0095874,3.01545
0.00959481,3.01568
0.00960481,3.01798
0.00961481,3.01975
0.00962481,3.02217
0.00963479,3.02361
0.00964479,3.02605
0.00965479,3.02769
0.00966479,3.03037
0.00967479,3.03184
0.00968479,3.03367
0.00969479,3.03431
0.00970479,3.03569
0.00971479,3.03583
0.00972479,3.03648
0.00973479,3.03598
0.00974479,3.03617
0.00975479,3.03527
0.00976479,3.03537
0.00977479,3.03444
0.00978479,3.03415
0.00979479,3.03255
0.00980479,3.03135
0.00981479,3.0287
0.00982479,3.02661
0.00983479,3.02327
0.00984479,3.02059
0.00985479,3.01703
0.00986479,3.01478
0.00987479,3.01211
0.00988479,3.01099
0.00989479,3.00923
0.00990479,3.00847
0.00991479,3.0069
0.00992479,3.00651
0.00993479,3.00545
0.00994479,3.00558
0.00995479,3.00483
0.00996479,3.00495
0.00997479,3.00402
0.00998479,3.00412
0.00999479,3.00338
0.01,3.00369
0.01,3.00306
0.01,3.00319
0.01,3.00367
0.01,3.00354
0.01,3.0035
0.01,3.00328
0.01,3.00347
0.01,3.00359
0.01,3.00327
0.0100001,3.00355
0.0100001,3.00349
0.0100002,3.0034
0.0100003,3.00349
0.0100003,3.00339
0.0100004,3.00349
0.0100006,3.00338
0.0100008,3.00349
0.0100011,3.00338
0.0100018,3.0035
0.010003,3.00347
0.010005,3.00384
0.0100087,3.00469
0.01001,3.00529
0.01001,3.00526
0.01001,3.00522
0.01001,3.00523
0.01001,3.00525
0.01001,3.00525
0.01001,3.00524
0.0100101,3.00524
0.0100101,3.00525
0.0100101,3.00526
0.0100101,3.00527
0.0100102,3.00531
0.0100102,3.00531
0.0100103,3.00537
0.0100104,3.0053
0.0100105,3.00555
0.0100106,3.0053
0.0100108,3.00573
0.010011,3.00542
0.0100114,3.00598
0.0100119,3.00575
0.0100127,3.0065
0.0100136,3.00643
0.0100151,3.00744
0.0100174,3.00784
0.0100219,3.0098
0.0100264,3.01076
0.0100331,3.01351
0.0100393,3.01525
0.0100493,3.0191
0.0100593,3.02194
0.0100693,3.02571
0.0100793,3.02836
0.0100893,3.03134
0.0100993,3.0327
0.0101093,3.03439
0.0101193,3.03527
0.0101293,3.0377
0.0101389,3.03916
0.0101489,3.0412
0.0101589,3.04184
0.0101689,3.04285
0.0101789,3.04242
0.0101889,3.04249
0.0101989,3.04141
0.0102089,3.04116
0.0102189,3.03998
0.0102289,3.03981
0.0102389,3.03859
0.0102489,3.03796
0.0102589,3.03642
0.0102689,3.0362
0.0102789,3.03496
0.0102889,3.03423
0.0102989,3.03269
0.0103089,3.03261
0.0103189,3.03216
0.0103289,3.03315
0.0103389,3.03301
0.0103489,3.0332
0.0103589,3.03228
0.0103689,3.03254
0.0103789,3.03232
0.0103889,3.03346
0.0103989,3.03349
0.0104089,3.03406
0.0104189,3.03354
0.0104289,3.03396
0.0104389,3.03327
0.0104489,3.03325
0.0104589,3.03242
0.0104689,3.03301
0.0104789,3.03293
0.0104889,3.03384
0.0104989,3.03366
0.0105089,3.0342
0.0105189,3.03408
0.0105272,3.03552
0.010536,3.03616
0.0105458,3.03745
0.0105552,3.03724
0.0105652,3.03747
0.0105752,3.03631
0.0105852,3.0358
0.0105952,3.03426
0.0106052,3.03404
0.0106152,3.0328
0.0106252,3.03197
0.0106352,3.02993
0.0106452,3.02906
0.0106552,3.02745
0.0106652,3.02701
0.0106752,3.02594
0.0106852,3.02624
0.0106952,3.02563
0.0107052,3.02587
0.0107152,3.02504
0.0107252,3.02513
0.0107352,3.02434
0.0107452,3.02487
0.0107552,3.02457
0.0107652,3.02511
0.0107752,3.02474
0.0107852,3.02573
0.0107952,3.02551
0.0108052,3.02557
0.0108152,3.02427
0.0108252,3.02393
0.0108352,3.02251
0.0108452,3.02202
0.0108552,3.02036
0.0108652,3.01958
0.0108752,3.01834
0.0108839,3.01894
0.010892,3.01861
0.010902,3.01898
0.0109114,3.01839
0.0109214,3.01928
0.0109314,3.01969
0.0109414,3.02162
0.0109514,3.02275
0.0109614,3.02481
0.0109714,3.02579
0.0109814,3.02785
0.0109914,3.02894
0.011,3.03082
0.011,3.03017
0.011,3.03046
0.011,3.03069
0.011,3.0306
0.011,3.03044
0.011,3.03061
0.011,3.03054
0.011,3.03056
0.011,3.03059
0.0110001,3.03052
0.0110001,3.03073
0.0110002,3.03046
0.0110003,3.03073
0.0110003,3.0305
0.0110005,3.03075
0.0110006,3.03055
0.0110008,3.03081
0.0110012,3.03065
0.0110018,3.031
0.0110031,3.03109
0.0110053,3.03197
0.0110087,3.03314
0.01101,3.03397
0.01101,3.03392
0.01101,3.03387
0.01101,3.03386
0.01101,3.03388
0.01101,3.03389
0.01101,3.03388
0.0110101,3.03388
0.0110101,3.03389
0.0110101,3.0339
0.0110101,3.03392
0.0110102,3.03396
0.0110102,3.03397
0.0110103,3.03404
0.0110104,3.034
0.0110105,3.03421
0.0110106,3.03405
0.0110108,3.03441
0.011011,3.03421
0.0110114,3.03472
0.0110119,3.03464
0.0110127,3.03538
0.0110136,3.0355
0.0110151,3.03655
0.0110174,3.03725
0.011022,3.03965
0.0110277,3.04164
0.0110377,3.04531
0.011047,3.04757
0.011057,3.05052
0.011067,3.05242
0.011077,3.05473
0.011087,3.05615
0.011097,3.05812
0.011107,3.05907
0.011117,3.06043
0.011127,3.06089
0.011137,3.06197
0.011147,3.06226
0.011157,3.06316
0.011167,3.06289
0.011177,3.06273
0.011187,3.06146
0.011197,3.0607
0.011207,3.05866
0.011217,3.05653
0.011227,3.05351
0.011237,3.05169
0.0112469,3.04925
0.0112569,3.04722
0.0112669,3.04406
0.0112769,3.04129
0.0112869,3.03826
0.011295,3.03732
0.0113035,3.03577
0.011313,3.03442
0.011322,3.03218
0.011332,3.03039
0.011342,3.02794
0.011352,3.02659
0.011362,3.02466
0.011372,3.02339
0.011382,3.02146
0.011392,3.02072
0.011402,3.01959
0.011412,3.01948
0.011422,3.01891
0.011432,3.01942
0.011442,3.01942
0.011452,3.02026
0.011462,3.02043
0.011472,3.02164
0.011482,3.02236
0.011492,3.02411
0.011502,3.02499
0.011512,3.02621
0.011522,3.02627
0.011532,3.0268
0.011542,3.02639
0.011552,3.0267
0.011562,3.02618
0.011572,3.02648
0.011582,3.02607
0.011592,3.02652
0.011602,3.02657
0.011612,3.02797
0.011622,3.02849
0.011632,3.02913
0.011642,3.02842
0.011652,3.02813
0.011662,3.0269
0.011672,3.02635
0.011682,3.02493
0.011692,3.02431
0.011702,3.02295
0.011712,3.02246
0.011722,3.02074
0.011732,3.01914
0.011742,3.01661
0.011752,3.01518
0.011762,3.01322
0.011772,3.01227
0.011782,3.01076
0.011792,3.0104
0.011802,3.00937
0.011812,3.00915
0.011822,3.0081
0.011832,3.0078
0.011842,3.00682
0.011852,3.00693
0.011862,3.00646
0.011872,3.00701
0.011882,3.00658
0.011892,3.00663
0.011902,3.00608
0.011912,3.00693
0.011922,3.00767
0.011932,3.01001
0.011942,3.01175
0.011952,3.01419
0.011962,3.01579
0.011972,3.01824
0.011982,3.01936
0.011992,3.02046
0.012,3.02041
0.012,3.02029
0.012,3.02079
0.012,3.02067
0.012,3.02051
0.012,3.0206
0.012,3.02054
0.012,3.02055
0.012,3.02062
0.0120001,3.02067
0.0120001,3.02055
0.0120001,3.02078
0.0120002,3.02049
0.0120003,3.02076
0.0120004,3.02052
0.0120005,3.02076
0.0120007,3.02056
0.0120009,3.02079
0.0120013,3.02062
0.012002,3.0209
0.0120032,3.02091
0.0120057,3.0217
0.0120089,3.02258
0.01201,3.02326
0.01201,3.02324
0.01201,3.02318
0.01201,3.02315
0.01201,3.02318
0.01201,3.02318
0.01201,3.02318
0.0120101,3.02318
0.0120101,3.02319
0.0120101,3.02319
0.0120101,3.02321
0.0120102,3.02325
0.0120102,3.02325
0.0120103,3.02332
0.0120104,3.02328
0.0120105,3.02347
0.0120106,3.02332
0.0120108,3.02366
0.012011,3.02345
0.0120114,3.02395
0.0120119,3.02383
0.0120127,3.02453
0.0120136,3.02458
0.0120151,3.02556
0.0120174,3.0261
0.012022,3.02807
0.0120274,3.02935
0.0120363,3.03197
0.0120448,3.03363
0.0120548,3.03668
0.0120648,3.03837
0.0120748,3.03941
0.0120848,3.03917
0.0120938,3.03977
0.0121025,3.03957
0.0121125,3.03995
0.0121225,3.03952
0.0121325,3.03996
0.0121425,3.03938
0.0121525,3.03887
0.0121625,3.03721
0.0121725,3.03627
0.0121825,3.03489
0.0121925,3.03491
0.0122025,3.03457
0.0122125,3.03514
0.0122225,3.03515
0.0122325,3.03621
0.0122425,3.03659
0.0122525,3.03756
0.0122625,3.0375
0.0122725,3.03795
0.0122825,3.03772
0.0122925,3.03857
0.0123025,3.03862
0.0123125,3.03925
0.0123225,3.0393
0.0123325,3.04061
0.0123425,3.04104
0.0123525,3.04168
0.0123625,3.04094
0.0123725,3.04019
0.0123825,3.03816
0.0123925,3.03676
0.0124025,3.03432
0.0124125,3.03243
0.0124225,3.03001
0.0124325,3.02896
0.0124425,3.02702
0.0124525,3.02528
0.0124625,3.02265
0.0124725,3.0212
0.0124825,3.01936
0.0124925,3.01873
0.0125025,3.01721
0.0125125,3.01587
0.0125225,3.01337
0.0125325,3.01163
0.0125425,3.00928
0.0125525,3.00812
0.0125625,3.00628
0.0125725,3.00514
0.0125825,3.00342
0.0125925,3.00308
0.0126025,3.0025
0.0126125,3.00325
0.0126225,3.00344
0.0126325,3.00455
0.0126425,3.00503
0.0126525,3.00652
0.0126625,3.00726
0.0126725,3.00867
0.0126825,3.00914
0.0126925,3.01043
0.0127025,3.01085
0.0127125,3.01198
0.0127225,3.01206
0.0127325,3.0126
0.0127425,3.01222
0.0127525,3.01283
0.0127625,3.01293
