0,5.88538e-019
2e-010,0.025
2.17125e-010,0.0271406
2.51374e-010,0.0314218
3.19873e-010,0.0399841
4.5687e-010,0.0571088
7.30865e-010,0.0913582
1.27886e-009,0.159857
2.37484e-009,0.296854
4.5668e-009,0.57085
8.95072e-009,1.11884
1.71377e-008,2.14221
2e-008,2.5
2.11308e-008,2.5
2.33924e-008,2.5
2.79157e-008,2.5
3.69622e-008,2.5
5.50553e-008,2.5
9.12414e-008,2.5
1.44243e-007,2.5
1.92022e-007,2.5
2.60038e-007,2.5
3.28363e-007,2.5
4.45605e-007,2.5
6.04559e-007,2.5
7.84739e-007,2.5
1.08025e-006,2.5
1.54563e-006,2.5
2.47316e-006,2.5
3.98769e-006,2.5
7.01676e-006,2.5
1.002e-005,2.5
1.0022e-005,2.25
1.0026e-005,1.75
1.0034e-005,0.75
1.004e-005,1.14045e-011
1.00416e-005,1.1358e-011
1.00448e-005,1.12659e-011
1.00512e-005,1.10839e-011
1.0064e-005,1.07004e-011
1.00896e-005,9.71587e-012
1.01408e-005,6.91342e-012
1.0196e-005,4.35364e-012
1.02468e-005,2.79479e-012
1.03206e-005,1.41924e-012
1.03988e-005,6.78776e-013
1.05002e-005,2.28378e-013
1.06083e-005,5.17272e-014
1.07355e-005,-2.54066e-014
1.08847e-005,-4.10551e-014
1.10829e-005,-4.4213e-014
1.13657e-005,-2.7825e-014
1.18007e-005,-1.63059e-014
1.2516e-005,1.82201e-015
1.3483e-005,2.67609e-015
1.47969e-005,6.87426e-015
1.69712e-005,1.19586e-015
2.13037e-005,4.01886e-015
2.99686e-005,-9.97145e-016
3.99686e-005,2.77489e-015
4.99686e-005,-1.52937e-015
5.99686e-005,2.49045e-015
6.99686e-005,-1.70338e-015
7.99686e-005,2.36631e-015
8.99686e-005,-1.78848e-015
9.99686e-005,2.29484e-015
0.000109969,-1.83758e-015
0.000119969,2.24718e-015
0.000129969,-1.8685e-015
0.000139969,2.21233e-015
0.000149969,-1.88897e-015
0.000159969,2.18517e-015
0.000169969,-1.90291e-015
0.000179969,2.16303e-015
0.000189969,-1.91251e-015
0.000199969,2.14435e-015
0.000209969,-1.9191e-015
0.000219969,2.12818e-015
0.000229969,-1.92352e-015
0.000239969,2.1139e-015
0.000249969,-1.92634e-015
0.000259969,2.10108e-015
0.000269969,-1.92797e-015
0.000279969,2.08943e-015
0.000289969,-1.92868e-015
0.000299969,2.07873e-015
0.000309969,-1.92868e-015
0.000319969,2.06882e-015
0.000329969,-1.92813e-015
0.000339969,2.05959e-015
0.000349969,-1.92714e-015
0.000359969,2.05094e-015
0.000369969,-1.92581e-015
0.000379969,2.04279e-015
0.000389969,-1.92421e-015
0.000399969,2.03508e-015
0.000409969,-1.9224e-015
0.000419969,2.02777e-015
0.000429969,-1.92043e-015
0.000439969,2.02081e-015
0.000449969,-1.91832e-015
0.000459969,2.01417e-015
0.000469969,-1.91611e-015
0.000479969,2.00782e-015
0.000489969,-1.91382e-015
0.000499969,2.00174e-015
0.000509969,-1.91147e-015
0.000519969,1.99591e-015
0.000529969,-1.90909e-015
0.000539969,1.9903e-015
0.000549969,-1.90667e-015
0.000559969,1.9849e-015
0.000569969,-1.90424e-015
0.000579969,1.9797e-015
0.000589969,-1.90179e-015
0.000599969,1.97468e-015
0.000609969,-1.89935e-015
0.000619969,1.96983e-015
0.000629969,-1.89691e-015
0.000639969,1.96513e-015
0.000649969,-1.89448e-015
0.000659969,1.96059e-015
0.000669969,-1.89206e-015
0.000679969,1.95619e-015
0.000689969,-1.88965e-015
0.000699969,1.95192e-015
0.000709969,-1.88727e-015
0.000719969,1.94777e-015
0.000729969,-1.8849e-015
0.000739969,1.94374e-015
0.000749969,-1.88256e-015
0.000759969,1.93982e-015
0.000769969,-1.88024e-015
0.000779969,1.93601e-015
0.000789969,-1.87794e-015
0.000799969,1.9323e-015
0.000809969,-1.87567e-015
0.000819969,1.92868e-015
0.000829969,-1.87342e-015
0.000839969,1.92516e-015
0.000849969,-1.8712e-015
0.000859969,1.92172e-015
0.000869969,-1.869e-015
0.000879969,1.91835e-015
0.000889969,-1.86682e-015
0.000899969,1.91507e-015
0.000909969,-1.86467e-015
0.000919969,1.91186e-015
0.000929969,-1.86254e-015
0.000939969,1.90872e-015
0.000949969,-1.86044e-015
0.000959969,1.90565e-015
0.000969969,-1.85836e-015
0.000979969,1.90263e-015
0.000989969,-1.8563e-015
0.000999969,1.89968e-015
0.001,-1.662e-015
0.001,0.0573923
0.001,0.172177
0.001,0.401746
0.00100001,0.66457
0.00100001,1.19022
0.00100002,2.24151
0.00100002,2.5
0.00100002,2.5
0.00100002,2.5
0.00100003,2.5
0.00100004,2.5
0.00100007,2.5
0.00100011,2.5
0.00100019,2.5
0.00100027,2.5
0.00100035,2.5
0.00100045,2.5
0.00100059,2.5
0.00100082,2.5
0.00100109,2.5
0.00100161,2.5
0.00100267,2.5
0.00100478,2.5
0.00100765,2.5
0.00101002,2.5
0.00101002,2.25
0.00101003,1.75
0.00101003,0.75
0.00101004,1.14016e-011
0.00101004,1.13552e-011
0.00101004,1.12634e-011
0.00101005,1.10817e-011
0.00101006,1.0699e-011
0.00101009,9.71561e-012
0.00101014,6.91424e-012
0.0010102,4.35563e-012
0.00101025,2.79744e-012
0.00101032,1.42325e-012
0.0010104,6.80795e-013
0.00101051,2.10833e-013
0.00101062,4.16177e-014
0.00101081,-4.45741e-014
0.001011,-4.26091e-014
0.00101139,-3.18754e-014
0.00101188,-9.51044e-015
0.00101267,-9.69473e-016
0.00101362,7.17343e-015
0.00101508,2.32794e-015
0.00101734,5.30308e-015
0.00102187,-3.56505e-016
0.00103092,3.21447e-015
0.00104092,-1.49914e-015
0.00105092,2.70454e-015
0.00106092,-1.75767e-015
0.00107092,2.52541e-015
0.00108092,-1.86588e-015
0.00109092,2.4302e-015
0.00110092,-1.92292e-015
0.00111092,2.36908e-015
0.00112092,-1.95641e-015
0.00113092,2.32523e-015
0.00114092,-1.97715e-015
0.00115092,2.29142e-015
0.00116092,-1.99027e-015
0.00117092,2.26398e-015
0.00118092,-1.9985e-015
0.00119092,2.24089e-015
0.00120092,-2.00346e-015
0.00121092,2.22092e-015
0.00122092,-2.00613e-015
0.00123092,2.20331e-015
0.00124092,-2.00718e-015
0.00125092,2.18752e-015
0.00126092,-2.00705e-015
0.00127092,2.17319e-015
0.00128092,-2.00605e-015
0.00129092,2.16006e-015
0.00130092,-2.0044e-015
0.00131092,2.14794e-015
0.00132092,-2.00227e-015
0.00133092,2.13668e-015
0.00134092,-1.9998e-015
0.00135092,2.12616e-015
0.00136092,-1.99705e-015
0.00137092,2.11629e-015
0.00138092,-1.99412e-015
0.00139092,2.10699e-015
0.00140092,-1.99106e-015
0.00141092,2.09821e-015
0.00142092,-1.9879e-015
0.00143092,2.08989e-015
0.00144092,-1.98468e-015
0.00145092,2.08199e-015
0.00146092,-1.98143e-015
0.00147092,2.07447e-015
0.00148092,-1.97817e-015
0.00149092,2.0673e-015
0.00150092,-1.97492e-015
0.00151092,2.06045e-015
0.00152092,-1.97167e-015
0.00153092,2.0539e-015
0.00154092,-1.96846e-015
0.00155092,2.04763e-015
0.00156092,-1.96528e-015
0.00157092,2.04161e-015
0.00158092,-1.96213e-015
0.00159092,2.03583e-015
0.00160092,-1.95903e-015
0.00161092,2.03026e-015
0.00162092,-1.95597e-015
0.00163092,2.02491e-015
0.00164092,-1.95296e-015
0.00165092,2.01974e-015
0.00166092,-1.95e-015
0.00167092,2.01476e-015
0.00168092,-1.94709e-015
0.00169092,2.00995e-015
0.00170092,-1.94423e-015
0.00171092,2.0053e-015
0.00172092,-1.94142e-015
0.00173092,2.00079e-015
0.00174092,-1.93866e-015
0.00175092,1.99643e-015
0.00176092,-1.93595e-015
0.00177092,1.9922e-015
0.00178092,-1.93328e-015
0.00179092,1.9881e-015
0.00180092,-1.93066e-015
0.00181092,1.98412e-015
0.00182092,-1.92809e-015
0.00183092,1.98024e-015
0.00184092,-1.92555e-015
0.00185092,1.97648e-015
0.00186092,-1.92307e-015
0.00187092,1.97281e-015
0.00188092,-1.92062e-015
0.00189092,1.96924e-015
0.00190092,-1.91821e-015
0.00191092,1.96576e-015
0.00192092,-1.91584e-015
0.00193092,1.96236e-015
0.00194092,-1.91351e-015
0.00195092,1.95904e-015
0.00196092,-1.91121e-015
0.00197092,1.9558e-015
0.00198092,-1.90895e-015
0.00199092,1.95264e-015
0.002,-1.90657e-015
0.002,0.25
0.00200001,0.75
0.00200001,1.75
0.00200002,2.5
0.00200002,2.5
0.00200002,2.5
0.00200003,2.5
0.00200003,2.5
0.00200005,2.5
0.00200008,2.5
0.00200013,2.5
0.00200019,2.5
0.00200026,2.5
0.00200034,2.5
0.00200046,2.5
0.00200065,2.5
0.00200086,2.5
0.00200119,2.5
0.00200185,2.5
0.00200318,2.5
0.00200544,2.5
0.00200888,2.5
0.00201002,2.5
0.00201002,2.25
0.00201003,1.75
0.00201003,0.75
0.00201004,3.78957e-011
0.00201004,1.13554e-011
0.00201004,1.12635e-011
0.00201005,1.10817e-011
0.00201006,1.06986e-011
0.00201009,9.71455e-012
0.00201014,6.91291e-012
0.0020102,4.35252e-012
0.00201025,2.79384e-012
0.00201032,1.41985e-012
0.0020104,6.79217e-013
0.00201051,2.09739e-013
0.00201062,4.13187e-014
0.00201081,-4.47223e-014
0.002011,-4.2563e-014
0.00201139,-3.18668e-014
0.00201188,-9.43808e-015
0.00201268,-9.29214e-016
0.00201363,7.2097e-015
0.0020151,2.2918e-015
0.00201739,5.30324e-015
0.00202132,-2.75941e-016
0.00202535,3.64093e-015
0.00203137,-1.18756e-015
0.00203731,2.99362e-015
0.00204731,-1.61348e-015
0.00205731,2.64595e-015
0.00206731,-1.80716e-015
0.00207731,2.50188e-015
0.00208731,-1.89613e-015
0.00209731,2.42013e-015
0.00210731,-1.94513e-015
0.00211731,2.36575e-015
0.00212731,-1.97464e-015
0.00213731,2.32587e-015
0.00214731,-1.99323e-015
0.00215731,2.29464e-015
0.00216731,-2.00511e-015
0.00217731,2.26904e-015
0.00218731,-2.01264e-015
0.00219731,2.24732e-015
0.00220731,-2.01718e-015
0.00221731,2.22845e-015
0.00222731,-2.01964e-015
0.00223731,2.21171e-015
0.00224731,-2.02059e-015
0.00225731,2.19666e-015
0.00226731,-2.02044e-015
0.00227731,2.18295e-015
0.00228731,-2.01946e-015
0.00229731,2.17037e-015
0.00230731,-2.01788e-015
0.00231731,2.15872e-015
0.00232731,-2.01584e-015
0.00233731,2.14788e-015
0.00234731,-2.01346e-015
0.00235731,2.13773e-015
0.00236731,-2.01082e-015
0.00237731,2.12819e-015
0.00238731,-2.008e-015
0.00239731,2.11919e-015
0.00240731,-2.00504e-015
0.00241731,2.11068e-015
0.00242731,-2.00198e-015
0.00243731,2.10261e-015
0.00244731,-1.99887e-015
0.00245731,2.09493e-015
0.00246731,-1.99572e-015
0.00247731,2.08762e-015
0.00248731,-1.99255e-015
0.00249731,2.08064e-015
0.00250731,-1.98938e-015
0.00251731,2.07396e-015
0.00252731,-1.98622e-015
0.00253731,2.06757e-015
0.00254731,-1.98308e-015
0.00255731,2.06143e-015
0.00256731,-1.97997e-015
0.00257731,2.05554e-015
0.00258731,-1.9769e-015
0.00259731,2.04988e-015
0.00260731,-1.97386e-015
0.00261731,2.04443e-015
0.00262731,-1.97086e-015
0.00263731,2.03917e-015
0.00264731,-1.96791e-015
0.00265731,2.0341e-015
0.00266731,-1.965e-015
0.00267731,2.0292e-015
0.00268731,-1.96213e-015
0.00269731,2.02447e-015
0.00270731,-1.95931e-015
0.00271731,2.01988e-015
0.00272731,-1.95654e-015
0.00273731,2.01544e-015
0.00274731,-1.95381e-015
0.00275731,2.01114e-015
0.00276731,-1.95113e-015
0.00277731,2.00697e-015
0.00278731,-1.94849e-015
0.00279731,2.00291e-015
0.00280731,-1.9459e-015
0.00281731,1.99897e-015
0.00282731,-1.94335e-015
0.00283731,1.99514e-015
0.00284731,-1.94083e-015
0.00285731,1.99141e-015
0.00286731,-1.93836e-015
0.00287731,1.98778e-015
0.00288731,-1.93593e-015
0.00289731,1.98423e-015
0.00290731,-1.93354e-015
0.00291731,1.98078e-015
0.00292731,-1.93118e-015
0.00293731,1.97741e-015
0.00294731,-1.92886e-015
0.00295731,1.97411e-015
0.00296731,-1.92657e-015
0.00297731,1.97089e-015
0.00298731,-1.92431e-015
0.00299731,1.96774e-015
0.003,-1.91849e-015
0.003,0.25
0.00300001,0.75
0.00300001,1.75
0.00300002,2.5
0.00300002,2.5
0.00300002,2.5
0.00300003,2.5
0.00300003,2.5
0.00300005,2.5
0.00300007,2.5
0.00300013,2.5
0.00300019,2.5
0.00300025,2.5
0.00300033,2.5
0.00300044,2.5
0.00300065,2.5
0.00300083,2.5
0.00300116,2.5
0.00300182,2.5
0.00300314,2.5
0.00300516,2.5
0.00300885,2.5
0.00301002,2.5
0.00301002,2.25
0.00301003,1.75
0.00301003,0.75
0.00301004,3.78969e-011
0.00301004,1.13566e-011
0.00301004,1.12647e-011
0.00301005,1.10827e-011
0.00301006,1.06998e-011
0.00301009,9.71575e-012
0.00301014,6.91373e-012
0.0030102,4.35514e-012
0.00301025,2.79686e-012
0.00301032,1.42178e-012
0.0030104,6.80129e-013
0.00301051,2.10454e-013
0.00301062,4.15272e-014
0.00301081,-4.46036e-014
0.003011,-4.2584e-014
0.00301139,-3.18588e-014
0.00301188,-9.48768e-015
0.00301268,-9.56673e-016
0.00301363,7.18078e-015
0.00301509,2.32096e-015
0.00301735,5.3019e-015
0.00302189,-3.63013e-016
0.00302998,3.27203e-015
0.00303998,-1.47826e-015
0.00304998,2.72089e-015
0.00305998,-1.75195e-015
0.00306998,2.53441e-015
0.00307998,-1.86442e-015
0.00308998,2.43664e-015
0.00309998,-1.92326e-015
0.00310998,2.37435e-015
0.00311998,-1.95769e-015
0.00312921,2.33071e-015
0.00313921,-1.97769e-015
0.00314921,2.29626e-015
0.00315921,-1.99144e-015
0.00316921,2.26842e-015
0.00317921,-2.00011e-015
0.00318921,2.24506e-015
0.00319921,-2.00538e-015
0.00320921,2.22492e-015
0.00321921,-2.00829e-015
0.00322921,2.20717e-015
0.00323921,-2.00952e-015
0.00324921,2.19129e-015
0.00325921,-2.00953e-015
0.00326921,2.17689e-015
0.00327921,-2.00865e-015
0.00328902,2.16369e-015
0.00329902,-2.00698e-015
0.00330902,2.15153e-015
0.00331902,-2.00494e-015
0.00332902,2.14023e-015
0.00333902,-2.00254e-015
0.00334902,2.12968e-015
0.00335902,-1.99986e-015
0.00336902,2.11978e-015
0.00337902,-1.99698e-015
0.00338902,2.11046e-015
0.00339902,-1.99396e-015
0.00340902,2.10166e-015
0.00341902,-1.99083e-015
0.00342902,2.09333e-015
0.00343902,-1.98765e-015
0.00344902,2.08541e-015
0.00345902,-1.98443e-015
0.00346902,2.07788e-015
0.00347902,-1.98119e-015
0.00348902,2.0707e-015
0.00349902,-1.97795e-015
0.00350902,2.06384e-015
0.00351902,-1.97472e-015
0.00352902,2.05728e-015
0.00353902,-1.97152e-015
0.00354902,2.051e-015
0.00355902,-1.96835e-015
0.00356902,2.04497e-015
0.00357902,-1.96522e-015
0.00358902,2.03917e-015
0.00359902,-1.96212e-015
0.00360902,2.0336e-015
0.00361902,-1.95907e-015
0.00362902,2.02823e-015
0.00363902,-1.95607e-015
0.00364902,2.02306e-015
0.00365902,-1.95311e-015
0.00366902,2.01807e-015
0.00367902,-1.95021e-015
0.00368902,2.01325e-015
0.00369902,-1.94735e-015
0.00370902,2.00859e-015
0.00371902,-1.94454e-015
0.00372802,2.00392e-015
0.00373802,-1.94155e-015
0.00374802,1.99956e-015
0.00375802,-1.93885e-015
0.00376802,1.99534e-015
0.00377802,-1.9362e-015
0.00378802,1.99124e-015
0.00379802,-1.93359e-015
0.00380802,1.98725e-015
0.00381802,-1.93103e-015
0.00382802,1.98338e-015
0.00383802,-1.9285e-015
0.00384802,1.97962e-015
0.00385802,-1.92602e-015
0.00386802,1.97595e-015
0.00387802,-1.92358e-015
0.00388802,1.97238e-015
0.00389802,-1.92118e-015
0.00390802,1.96889e-015
0.00391802,-1.91882e-015
0.00392752,1.96543e-015
0.00393752,-1.91641e-015
0.00394752,1.96212e-015
0.00395752,-1.91412e-015
0.00396752,1.95888e-015
0.00397752,-1.91186e-015
0.00398752,1.95571e-015
0.00399752,-1.90964e-015
0.004,1.94898e-015
0.004,0.25
0.00400001,0.75
0.00400001,1.75
0.00400002,2.5
0.00400002,2.5
0.00400002,2.5
0.00400003,2.5
0.00400004,2.5
0.00400005,2.5
0.00400008,2.5
0.00400013,2.5
0.00400019,2.5
0.00400026,2.5
0.00400034,2.5
0.00400046,2.5
0.00400066,2.5
0.00400086,2.5
0.0040012,2.5
0.00400187,2.5
0.00400323,2.5
0.00400547,2.5
0.00400899,2.5
0.00401002,2.5
0.00401002,2.25
0.00401003,1.75
0.00401003,0.75
0.00401004,1.14022e-011
0.00401004,1.13558e-011
0.00401004,1.1264e-011
0.00401005,1.10821e-011
0.00401006,1.06993e-011
0.00401009,9.71535e-012
0.00401014,6.91374e-012
0.0040102,4.35459e-012
0.00401025,2.79611e-012
0.00401032,1.42153e-012
0.0040104,6.79742e-013
0.00401051,2.1046e-013
0.00401062,4.14652e-014
0.00401081,-4.45912e-014
0.004011,-4.25872e-014
0.00401139,-3.18433e-014
0.00401188,-9.48322e-015
0.00401268,-9.57453e-016
0.00401363,7.17607e-015
0.00401508,2.32538e-015
0.00401735,5.30067e-015
0.00402188,-3.58621e-016
0.00402888,3.33744e-015
0.00403888,-1.44571e-015
0.00404888,2.73306e-015
0.00405888,-1.73804e-015
0.00406888,2.53769e-015
0.00407888,-1.85556e-015
0.00408888,2.43691e-015
0.00409572,-1.90588e-015
0.00410224,2.38529e-015
0.00411224,-1.93581e-015
0.00412224,2.33559e-015
0.00413224,-1.96188e-015
0.00414224,2.29844e-015
0.00415224,-1.97842e-015
0.00416224,2.26896e-015
0.00417224,-1.98902e-015
0.00418224,2.24455e-015
0.00419224,-1.99568e-015
0.00420224,2.22371e-015
0.00421224,-1.99965e-015
0.00422224,2.2055e-015
0.00423224,-2.0017e-015
0.00424224,2.18929e-015
0.00425224,-2.00236e-015
0.00426224,2.17466e-015
0.00427212,-2.00193e-015
0.00428212,2.16131e-015
0.00429212,-2.00083e-015
0.00430212,2.14903e-015
0.00431212,-1.99916e-015
0.00432212,2.13764e-015
0.00433212,-1.99707e-015
0.00434212,2.12703e-015
0.00435212,-1.99466e-015
0.00436212,2.11709e-015
0.00437212,-1.99201e-015
0.00438212,2.10774e-015
0.00439212,-1.98919e-015
0.00440212,2.09892e-015
0.00441212,-1.98624e-015
0.00442212,2.09057e-015
0.00443212,-1.98321e-015
0.00444212,2.08264e-015
0.00445212,-1.98012e-015
0.00446212,2.0751e-015
0.00447212,-1.97701e-015
0.00448212,2.06791e-015
0.00449212,-1.97387e-015
0.00450212,2.06105e-015
0.00451212,-1.97074e-015
0.00452212,2.05448e-015
0.00453186,-1.96754e-015
0.00454076,2.04795e-015
0.00455076,-1.9641e-015
0.00456076,2.04194e-015
0.00457076,-1.96106e-015
0.00458076,2.03616e-015
0.00459076,-1.95806e-015
0.00460076,2.0306e-015
0.00461076,-1.95509e-015
0.00462076,2.02525e-015
0.00463076,-1.95216e-015
0.00464076,2.02009e-015
0.00465076,-1.94927e-015
0.00466076,2.01511e-015
0.00467076,-1.94643e-015
0.00468076,2.01029e-015
0.00469076,-1.94362e-015
0.00470076,2.00564e-015
0.00471076,-1.94086e-015
0.00472076,2.00113e-015
0.00473076,-1.93814e-015
0.00474076,1.99677e-015
0.00475076,-1.93547e-015
0.00476076,1.99253e-015
0.00477076,-1.93284e-015
0.00478076,1.98842e-015
0.00479076,-1.93025e-015
0.00480076,1.98443e-015
0.00481076,-1.92771e-015
0.00482076,1.98055e-015
0.00483076,-1.9252e-015
0.00484076,1.97678e-015
0.00485076,-1.92273e-015
0.00486076,1.9731e-015
0.00487076,-1.92031e-015
0.00488076,1.96952e-015
0.00489076,-1.91792e-015
0.00490076,1.96603e-015
0.00491076,-1.91556e-015
0.00492076,1.96262e-015
0.00493076,-1.91324e-015
0.00494076,1.9593e-015
0.00495076,-1.91096e-015
0.00496076,1.95605e-015
0.00497076,-1.9087e-015
0.00498076,1.95287e-015
0.00499076,-1.90648e-015
0.005,1.94967e-015
0.005,0.25
0.00500001,0.75
0.00500001,1.75
0.00500002,2.5
0.00500002,2.5
0.00500002,2.5
0.00500003,2.5
0.00500004,2.5
0.00500005,2.5
0.00500007,2.5
0.00500012,2.5
0.00500018,2.5
0.00500025,2.5
0.00500033,2.5
0.00500043,2.5
0.00500063,2.5
0.00500082,2.5
0.00500113,2.5
0.00500174,2.5
0.00500298,2.5
0.00500486,2.5
0.00500851,2.5
0.00501002,2.5
0.00501002,2.25
0.00501003,1.75
0.00501003,0.75
0.00501004,1.14032e-011
0.00501004,1.13568e-011
0.00501004,1.12649e-011
0.00501005,1.10829e-011
0.00501006,1.06998e-011
0.00501009,9.7156e-012
0.00501014,6.9134e-012
0.0050102,4.35511e-012
0.00501025,2.79693e-012
0.00501032,1.42159e-012
0.0050104,6.80108e-013
0.00501051,2.10435e-013
0.00501062,4.1526e-014
0.00501081,-4.45989e-014
0.005011,-4.25822e-014
0.00501139,-3.18533e-014
0.00501188,-9.48989e-015
0.00501268,-9.57985e-016
0.00501363,7.17789e-015
0.00501508,2.3239e-015
0.00501735,5.30152e-015
0.00502188,-3.60134e-016
0.00502881,3.34368e-015
0.00503705,-1.39353e-015
0.00504556,2.78755e-015
0.00505556,-1.70563e-015
0.00506556,2.56114e-015
0.00507556,-1.84004e-015
0.00508556,2.45028e-015
0.00509556,-1.90773e-015
0.00510556,2.38216e-015
0.00511556,-1.94663e-015
0.00512556,2.33463e-015
0.00513556,-1.97052e-015
0.00514556,2.29864e-015
0.00515556,-1.98564e-015
0.00516556,2.26983e-015
0.00517556,-1.99523e-015
0.00518556,2.24583e-015
0.00519556,-2.00116e-015
0.00520556,2.22522e-015
0.00521556,-2.00455e-015
0.00522556,2.20714e-015
0.00523556,-2.00614e-015
0.00524556,2.19101e-015
0.00525556,-2.00643e-015
0.00526556,2.17642e-015
0.00527556,-2.00576e-015
0.00528556,2.16309e-015
0.00529556,-2.00438e-015
0.00530556,2.1508e-015
0.00531556,-2.00248e-015
0.00532556,2.1394e-015
0.00533556,-2.00018e-015
0.00534556,2.12876e-015
0.00535556,-1.99759e-015
0.00536556,2.1188e-015
0.00537556,-1.99478e-015
0.00538556,2.10942e-015
0.00539556,-1.99182e-015
0.00540556,2.10056e-015
0.00541556,-1.98875e-015
0.00542556,2.09218e-015
0.00543556,-1.98561e-015
0.00544556,2.08422e-015
0.00545556,-1.98242e-015
0.00546556,2.07665e-015
0.00547556,-1.97922e-015
0.00548556,2.06944e-015
0.00549556,-1.976e-015
0.00550556,2.06255e-015
0.00551556,-1.9728e-015
0.00552556,2.05596e-015
0.00553556,-1.96962e-015
0.00554556,2.04965e-015
0.00555556,-1.96646e-015
0.00556556,2.04359e-015
0.00557556,-1.96334e-015
0.00558556,2.03778e-015
0.00559556,-1.96026e-015
0.00560556,2.03218e-015
0.00561556,-1.95722e-015
0.00562556,2.0268e-015
0.00563556,-1.95422e-015
0.00564556,2.02161e-015
0.00565556,-1.95127e-015
0.00566556,2.0166e-015
0.00567556,-1.94837e-015
0.00568556,2.01176e-015
0.00569556,-1.94552e-015
0.00570556,2.00709e-015
0.00571556,-1.94271e-015
0.00572556,2.00256e-015
0.00573556,-1.93995e-015
0.00574556,1.99818e-015
0.00575556,-1.93724e-015
0.00576556,1.99393e-015
0.00577556,-1.93458e-015
0.00578556,1.98981e-015
0.00579556,-1.93196e-015
0.00580556,1.9858e-015
0.00581556,-1.92938e-015
0.00582556,1.98191e-015
0.00583556,-1.92685e-015
0.00584556,1.97812e-015
0.00585556,-1.92436e-015
0.00586556,1.97444e-015
0.00587556,-1.92191e-015
0.00588556,1.97085e-015
0.00589556,-1.9195e-015
0.00590556,1.96735e-015
0.00591556,-1.91713e-015
0.00592556,1.96394e-015
0.00593556,-1.91479e-015
0.00594556,1.96061e-015
0.00595556,-1.91249e-015
0.00596556,1.95735e-015
0.00597556,-1.91023e-015
0.00598556,1.95417e-015
0.00599556,-1.908e-015
0.006,1.94958e-015
0.006,0.25
0.00600001,0.75
0.00600001,1.75
0.00600002,2.5
0.00600002,2.5
0.00600002,2.5
0.00600003,2.5
0.00600004,2.5
0.00600006,2.5
0.00600009,2.5
0.00600015,2.5
0.0060002,2.5
0.00600028,2.5
0.00600036,2.5
0.00600052,2.5
0.00600068,2.5
0.00600094,2.5
0.00600128,2.5
0.00600196,2.5
0.00600322,2.5
0.00600575,2.5
0.00600886,2.5
0.00601002,2.5
0.00601002,2.25
0.00601003,1.75
0.00601003,0.75
0.00601004,1.13995e-011
0.00601004,1.13533e-011
0.00601004,1.12616e-011
0.00601005,1.10801e-011
0.00601006,1.06977e-011
0.00601009,9.71484e-012
0.00601014,6.91417e-012
0.0060102,4.35469e-012
0.00601025,2.79629e-012
0.00601032,1.42282e-012
0.0060104,6.80304e-013
0.00601051,2.10549e-013
0.00601062,4.15017e-014
0.00601081,-4.46411e-014
0.006011,-4.26101e-014
0.00601139,-3.18891e-014
0.00601188,-9.4831e-015
0.00601268,-9.54721e-016
0.00601363,7.19133e-015
0.00601509,2.30969e-015
0.00601736,5.30405e-015
0.00602191,-3.74018e-016
0.0060271,3.47595e-015
0.0060371,-1.40461e-015
0.0060471,2.76911e-015
0.0060571,-1.73022e-015
0.0060671,2.55839e-015
0.0060771,-1.85631e-015
0.0060871,2.45256e-015
0.0060971,-1.92075e-015
0.0061071,2.38668e-015
0.0061171,-1.95805e-015
0.0061271,2.34033e-015
0.0061371,-1.98103e-015
0.0061471,2.30505e-015
0.0061571,-1.99559e-015
0.0061671,2.27669e-015
0.0061771,-2.00482e-015
0.0061861,2.25326e-015
0.0061961,-2.00946e-015
0.0062061,2.23279e-015
0.0062161,-2.01282e-015
0.0062261,2.21482e-015
0.0062361,-2.0144e-015
0.0062461,2.19877e-015
0.0062561,-2.01468e-015
0.0062661,2.18425e-015
0.0062761,-2.01401e-015
0.0062861,2.17097e-015
0.0062961,-2.01263e-015
0.0063061,2.15873e-015
0.0063161,-2.01073e-015
0.0063261,2.14738e-015
0.0063361,-2.00844e-015
0.0063461,2.13678e-015
0.0063561,-2.00585e-015
0.0063661,2.12684e-015
0.0063761,-2.00305e-015
0.0063861,2.11749e-015
0.0063961,-2.0001e-015
0.0064061,2.10866e-015
0.0064161,-1.99703e-015
0.0064261,2.1003e-015
0.0064361,-1.99389e-015
0.0064461,2.09236e-015
0.0064561,-1.99071e-015
0.0064661,2.08481e-015
0.0064761,-1.9875e-015
0.0064861,2.07761e-015
0.0064961,-1.98429e-015
0.0065061,2.07073e-015
0.0065161,-1.98109e-015
0.0065261,2.06415e-015
0.0065361,-1.97791e-015
0.0065461,2.05784e-015
0.0065561,-1.97475e-015
0.0065661,2.0518e-015
0.0065761,-1.97163e-015
0.00658607,2.04598e-015
0.00659607,-1.96854e-015
0.00660607,2.04039e-015
0.00661607,-1.9655e-015
0.00662607,2.03501e-015
0.00663607,-1.9625e-015
0.00664607,2.02982e-015
0.00665607,-1.95955e-015
0.00666607,2.02482e-015
0.00667607,-1.95665e-015
0.00668607,2.01998e-015
0.00669607,-1.95379e-015
0.00670607,2.0153e-015
0.00671607,-1.95098e-015
0.00672607,2.01078e-015
0.00673607,-1.94822e-015
0.00674607,2.00639e-015
0.00675607,-1.9455e-015
0.00676607,2.00214e-015
0.00677607,-1.94283e-015
0.00678607,1.99801e-015
0.00679607,-1.94021e-015
0.00680607,1.99401e-015
0.00681607,-1.93763e-015
0.00682607,1.99011e-015
0.00683607,-1.93509e-015
0.00684607,1.98632e-015
0.00685607,-1.9326e-015
0.00686607,1.98263e-015
0.00687423,-1.92975e-015
0.00688222,1.97847e-015
0.00689222,-1.92696e-015
0.00690222,1.97501e-015
0.00691222,-1.92463e-015
0.00692222,1.97163e-015
0.00693222,-1.92233e-015
0.00694205,1.9683e-015
0.00695205,-1.92004e-015
0.00696205,1.96508e-015
0.00697205,-1.91781e-015
0.00698205,1.96192e-015
0.00699205,-1.9156e-015
0.007,1.95855e-015
0.007,0.25
0.00700001,0.75
0.00700001,1.75
0.00700002,2.5
0.00700002,2.5
0.00700002,2.5
0.00700003,2.5
0.00700004,2.5
0.00700005,2.5
0.00700009,2.5
0.00700014,2.5
0.00700019,2.5
0.00700027,2.5
0.00700035,2.5
0.00700048,2.5
0.00700067,2.5
0.00700088,2.5
0.00700122,2.5
0.00700189,2.5
0.00700323,2.5
0.00700587,2.5
0.00700911,2.5
0.00701002,2.5
0.00701002,2.25
0.00701003,1.75
0.00701003,0.75
0.00701004,1.14008e-011
0.00701004,1.13546e-011
0.00701004,1.12628e-011
0.00701005,1.10811e-011
0.00701006,1.06982e-011
0.00701009,9.71466e-012
0.00701014,6.91353e-012
0.0070102,4.35276e-012
0.00701025,2.79396e-012
0.00701032,1.42057e-012
0.0070104,6.79404e-013
0.00701051,2.09884e-013
0.00701062,4.13415e-014
0.00701081,-4.47207e-014
0.007011,-4.25746e-014
0.00701139,-3.18792e-014
0.00701188,-9.44118e-015
0.00701268,-9.30436e-016
0.00701363,7.21153e-015
0.0070151,2.28973e-015
0.00701739,5.3037e-015
0.00702196,-3.92857e-016
0.0070311,3.22727e-015
0.0070411,-1.52513e-015
0.0070511,2.72425e-015
0.0070611,-1.78122e-015
0.0070711,2.54645e-015
0.0070811,-1.88874e-015
0.0070911,2.45169e-015
0.0071011,-1.94546e-015
0.0071111,2.39074e-015
0.0071211,-1.97875e-015
0.0071311,2.34696e-015
0.0071411,-1.99935e-015
0.0071511,2.31316e-015
0.0071611,-2.01235e-015
0.0071711,2.2857e-015
0.0071811,-2.02048e-015
0.0071911,2.26257e-015
0.0072011,-2.02534e-015
0.0072111,2.24256e-015
0.0072211,-2.02793e-015
0.0072311,2.2249e-015
0.0072411,-2.0289e-015
0.0072511,2.20906e-015
0.0072611,-2.02869e-015
0.0072711,2.19468e-015
0.0072811,-2.02761e-015
0.0072911,2.18149e-015
0.0073011,-2.0259e-015
0.0073111,2.16932e-015
0.0073211,-2.02371e-015
0.0073311,2.158e-015
0.0073411,-2.02116e-015
0.0073511,2.14743e-015
0.0073611,-2.01836e-015
0.0073711,2.1375e-015
0.0073811,-2.01537e-015
0.0073911,2.12815e-015
0.0074011,-2.01225e-015
0.0074111,2.11932e-015
0.0074211,-2.00903e-015
0.0074311,2.11095e-015
0.0074411,-2.00577e-015
0.0074511,2.103e-015
0.0074611,-2.00246e-015
0.0074711,2.09544e-015
0.0074811,-1.99915e-015
0.0074911,2.08822e-015
0.0075011,-1.99585e-015
0.0075111,2.08133e-015
0.0075211,-1.99256e-015
0.0075311,2.07474e-015
0.0075411,-1.9893e-015
0.0075511,2.06842e-015
0.0075611,-1.98607e-015
0.0075711,2.06235e-015
0.0075811,-1.98288e-015
0.0075911,2.05653e-015
0.0076011,-1.97974e-015
0.0076111,2.05093e-015
0.0076211,-1.97664e-015
0.0076311,2.04553e-015
0.0076411,-1.97359e-015
0.0076511,2.04033e-015
0.0076611,-1.97059e-015
0.0076711,2.03531e-015
0.0076811,-1.96765e-015
0.0076911,2.03047e-015
0.0077011,-1.96475e-015
0.0077111,2.02578e-015
0.0077211,-1.9619e-015
0.0077311,2.02124e-015
0.0077411,-1.95911e-015
0.0077511,2.01685e-015
0.0077611,-1.95636e-015
0.0077711,2.01258e-015
0.0077811,-1.95366e-015
0.0077911,2.00845e-015
0.0078011,-1.95101e-015
0.0078111,2.00443e-015
0.0078211,-1.9484e-015
0.0078311,2.00053e-015
0.0078411,-1.94584e-015
0.0078511,1.99673e-015
0.0078611,-1.94332e-015
0.0078711,1.99304e-015
0.0078811,-1.94084e-015
0.0078911,1.98944e-015
0.0079011,-1.9384e-015
0.0079111,1.98592e-015
0.0079211,-1.936e-015
0.0079311,1.9825e-015
0.0079411,-1.93364e-015
0.0079511,1.97916e-015
0.0079611,-1.93132e-015
0.0079711,1.97589e-015
0.0079811,-1.92903e-015
0.0079911,1.9727e-015
0.008,-1.92658e-015
0.008,0.25
0.00800001,0.75
0.00800001,1.75
0.00800002,2.5
0.00800002,2.5
0.00800002,2.5
0.00800003,2.5
0.00800003,2.5
0.00800005,2.5
0.00800008,2.5
0.00800013,2.5
0.00800019,2.5
0.00800025,2.5
0.00800033,2.5
0.00800044,2.5
0.00800062,2.5
0.00800082,2.5
0.00800113,2.5
0.00800174,2.5
0.00800298,2.5
0.00800492,2.5
0.00800844,2.5
0.00801002,2.5
0.00801002,2.25
0.00801003,1.75
0.00801003,0.75
0.00801004,9.2107e-011
0.00801004,1.13567e-011
0.00801004,1.12648e-011
0.00801005,1.10829e-011
0.00801006,1.06997e-011
0.00801009,9.71567e-012
0.00801014,6.91387e-012
0.0080102,4.35332e-012
0.00801025,2.79442e-012
0.00801032,1.42024e-012
0.0080104,6.79329e-013
0.00801051,2.09894e-013
0.00801062,4.13714e-014
0.00801081,-4.46948e-014
0.008011,-4.25595e-014
0.00801139,-3.1866e-014
0.00801188,-9.44202e-015
0.00801268,-9.31141e-016
0.00801363,7.208e-015
0.0080151,2.29374e-015
0.00801738,5.3031e-015
0.00802115,-2.41372e-016
0.0080252,3.65509e-015
0.0080323,-1.231e-015
0.00803927,2.93779e-015
0.00804927,-1.64252e-015
0.00805927,2.6269e-015
0.00806927,-1.81929e-015
0.00807927,2.49206e-015
0.00808927,-1.90252e-015
0.00809927,2.41394e-015
0.00810927,-1.94889e-015
0.00811927,2.36134e-015
0.00812927,-1.97696e-015
0.00813927,2.32246e-015
0.00814927,-1.99467e-015
0.00815889,2.29206e-015
0.00816889,-2.00552e-015
0.00817889,2.26679e-015
0.00818889,-2.01273e-015
0.00819889,2.24531e-015
0.00820889,-2.01705e-015
0.00821889,2.22659e-015
0.00822889,-2.01933e-015
0.00823889,2.20998e-015
0.00824889,-2.02015e-015
0.00825889,2.19503e-015
0.00826889,-2.0199e-015
0.00827889,2.1814e-015
0.00828889,-2.01885e-015
0.00829889,2.16888e-015
0.00830889,-2.0172e-015
0.00831889,2.15728e-015
0.00832889,-2.01511e-015
0.00833889,2.14648e-015
0.00834889,-2.01269e-015
0.00835889,2.13636e-015
0.00836889,-2.01002e-015
0.00837889,2.12686e-015
0.00838889,-2.00717e-015
0.00839889,2.11789e-015
0.00840889,-2.00419e-015
0.00841889,2.1094e-015
0.00842889,-2.00112e-015
0.00843889,2.10135e-015
0.00844889,-1.99799e-015
0.00845889,2.09369e-015
0.00846889,-1.99482e-015
0.00847889,2.0864e-015
0.00848889,-1.99164e-015
0.00849889,2.07943e-015
0.00850889,-1.98847e-015
0.00851889,2.07277e-015
0.00852889,-1.9853e-015
0.00853889,2.06639e-015
0.00854889,-1.98216e-015
0.00855889,2.06027e-015
0.00856889,-1.97904e-015
0.00857889,2.05439e-015
0.00858889,-1.97596e-015
0.00859889,2.04874e-015
0.00860889,-1.97292e-015
0.00861889,2.0433e-015
0.00862889,-1.96992e-015
0.00863889,2.03805e-015
0.00864889,-1.96696e-015
0.00865889,2.03299e-015
0.00866889,-1.96405e-015
0.00867889,2.0281e-015
0.00868786,-1.96093e-015
0.00869689,2.02307e-015
0.00870689,-1.9579e-015
0.00871689,2.01852e-015
0.00872689,-1.95516e-015
0.00873689,2.01411e-015
0.00874689,-1.95246e-015
0.00875689,2.00984e-015
0.00876689,-1.94981e-015
0.00877689,2.00569e-015
0.00878689,-1.9472e-015
0.00879689,2.00166e-015
0.00880689,-1.94463e-015
0.00881689,1.99774e-015
0.00882689,-1.9421e-015
0.00883689,1.99393e-015
0.00884689,-1.93961e-015
0.00885689,1.99022e-015
0.00886689,-1.93716e-015
0.00887689,1.98661e-015
0.00888689,-1.93475e-015
0.00889689,1.98308e-015
0.00890689,-1.93237e-015
0.00891689,1.97964e-015
0.00892689,-1.93003e-015
0.00893689,1.97628e-015
0.00894689,-1.92772e-015
0.00895689,1.973e-015
0.00896689,-1.92545e-015
0.00897689,1.96979e-015
0.00898689,-1.9232e-015
0.00899689,1.96666e-015
0.009,-1.91803e-015
0.009,0.25
0.00900001,0.75
0.00900001,1.75
0.00900002,2.5
0.00900002,2.5
0.00900002,2.5
0.00900003,2.5
0.00900003,2.5
0.00900005,2.5
0.00900008,2.5
0.00900012,2.5
0.00900019,2.5
0.00900026,2.5
0.00900034,2.5
0.00900044,2.5
0.0090006,2.5
0.00900082,2.5
0.00900109,2.5
0.00900164,2.5
0.00900274,2.5
0.00900468,2.5
0.00900788,2.5
0.00901002,2.5
0.00901002,2.25
0.00901003,1.75
0.00901003,0.75
0.00901004,9.21066e-011
0.00901004,1.13563e-011
0.00901004,1.12644e-011
0.00901005,1.10826e-011
0.00901006,1.06995e-011
0.00901009,9.7157e-012
0.00901014,6.91414e-012
0.0090102,4.35344e-012
0.00901025,2.79453e-012
0.00901032,1.42068e-012
0.0090104,6.79507e-013
0.00901051,2.09999e-013
0.00901062,4.13955e-014
0.00901081,-4.46892e-014
0.009011,-4.25661e-014
0.00901139,-3.18726e-014
0.00901188,-9.44657e-015
0.00901268,-9.34278e-016
0.00901363,7.20762e-015
0.0090151,2.29403e-015
0.00901738,5.30393e-015
0.00902156,-3.19484e-016
0.00902589,3.58799e-015
0.00903294,-1.25992e-015
0.00903973,2.92634e-015
0.00904973,-1.64966e-015
0.00905973,2.62327e-015
0.00906973,-1.82271e-015
0.00907973,2.49046e-015
0.00908973,-1.90465e-015
0.00909973,2.41316e-015
0.00910973,-1.95041e-015
0.00911973,2.36097e-015
0.00912973,-1.97815e-015
0.00913973,2.32231e-015
0.00914973,-1.99566e-015
0.00915973,2.29184e-015
0.00916973,-2.00683e-015
0.00917973,2.26672e-015
0.00918973,-2.01386e-015
0.00919973,2.24535e-015
0.00920973,-2.01805e-015
0.00921973,2.22671e-015
0.00922973,-2.02024e-015
0.00923973,2.21015e-015
0.00924973,-2.02098e-015
0.00925973,2.19523e-015
0.00926973,-2.02067e-015
0.00927973,2.18163e-015
0.00928973,-2.01956e-015
0.00929973,2.16913e-015
0.00930973,-2.01788e-015
0.00931973,2.15755e-015
0.00932973,-2.01575e-015
0.00933973,2.14676e-015
0.00934973,-2.0133e-015
0.00935973,2.13666e-015
0.00936973,-2.01061e-015
0.00937973,2.12716e-015
0.00938973,-2.00773e-015
0.00939973,2.1182e-015
0.00940973,-2.00473e-015
0.00941973,2.10972e-015
0.00942973,-2.00165e-015
0.00943973,2.10167e-015
0.00944973,-1.9985e-015
0.00945973,2.09402e-015
0.00946973,-1.99533e-015
0.00947973,2.08673e-015
0.00948973,-1.99214e-015
0.00949973,2.07977e-015
0.00950973,-1.98895e-015
0.00951973,2.07311e-015
0.00952973,-1.98578e-015
0.00953973,2.06673e-015
0.00954973,-1.98263e-015
0.00955973,2.06062e-015
0.00956973,-1.97951e-015
0.00957973,2.05474e-015
0.0095874,-1.97563e-015
0.00959481,2.04806e-015
0.00960481,-1.97179e-015
0.00961481,2.0427e-015
0.00962481,-1.9689e-015
0.00963479,2.03753e-015
0.00964479,-1.96604e-015
0.00965479,2.03254e-015
0.00966479,-1.96323e-015
0.00967479,2.02772e-015
0.00968479,-1.96045e-015
0.00969479,2.02305e-015
0.00970479,-1.95771e-015
0.00971479,2.01853e-015
0.00972479,-1.95501e-015
0.00973479,2.01415e-015
0.00974479,-1.95235e-015
0.00975479,2.0099e-015
0.00976479,-1.94973e-015
0.00977479,2.00578e-015
0.00978479,-1.94715e-015
0.00979479,2.00177e-015
0.00980479,-1.94461e-015
0.00981479,1.99787e-015
0.00982479,-1.9421e-015
0.00983479,1.99408e-015
0.00984479,-1.93964e-015
0.00985479,1.99038e-015
0.00986479,-1.93721e-015
0.00987479,1.98678e-015
0.00988479,-1.93482e-015
0.00989479,1.98327e-015
0.00990479,-1.93246e-015
0.00991479,1.97985e-015
0.00992479,-1.93013e-015
0.00993479,1.9765e-015
0.00994479,-1.92784e-015
0.00995479,1.97323e-015
0.00996479,-1.92558e-015
0.00997479,1.97003e-015
0.00998479,-1.92335e-015
0.00999479,1.9669e-015
0.01,2.16839e-010
0.01,0.25
0.01,0.75
0.01,1.75
0.01,2.5
0.01,2.5
0.01,2.5
0.01,2.5
0.01,2.5
0.01,2.5
0.0100001,2.5
0.0100001,2.5
0.0100002,2.5
0.0100003,2.5
0.0100003,2.5
0.0100004,2.5
0.0100006,2.5
0.0100008,2.5
0.0100011,2.5
0.0100018,2.5
0.010003,2.5
0.010005,2.5
0.0100087,2.5
0.01001,2.5
0.01001,2.25
0.01001,1.75
0.01001,0.75
0.01001,9.21073e-011
0.01001,1.1357e-011
0.01001,1.1265e-011
0.0100101,1.10831e-011
0.0100101,1.06999e-011
0.0100101,9.71571e-012
0.0100101,6.91375e-012
0.0100102,4.35355e-012
0.0100102,2.79477e-012
0.0100103,1.42043e-012
0.0100104,6.7952e-013
0.0100105,2.09999e-013
0.0100106,4.14084e-014
0.0100108,-4.46736e-014
0.010011,-4.25619e-014
0.0100114,-3.18624e-014
0.0100119,-9.45243e-015
0.0100127,-9.37137e-016
0.0100136,7.20151e-015
0.0100151,2.30034e-015
0.0100174,5.30297e-015
0.0100219,-3.82717e-016
0.0100264,3.5395e-015
0.0100331,-1.26268e-015
0.0100393,2.93215e-015
0.0100493,-1.6399e-015
0.0100593,2.62254e-015
0.0100693,-1.81606e-015
0.0100793,2.48803e-015
0.0100893,-1.8991e-015
0.0100993,2.41006e-015
0.0101093,-1.94539e-015
0.0101193,2.35755e-015
0.0101293,-1.97343e-015
0.0101389,2.31912e-015
0.0101489,-1.99046e-015
0.0101589,2.28842e-015
0.0101689,-2.00191e-015
0.0101789,2.26317e-015
0.0101889,-2.00913e-015
0.0101989,2.24171e-015
0.0102089,-2.01347e-015
0.0102189,2.22302e-015
0.0102289,-2.01578e-015
0.0102389,2.20643e-015
0.0102489,-2.01662e-015
0.0102589,2.19149e-015
0.0102689,-2.01638e-015
0.0102789,2.17788e-015
0.0102889,-2.01535e-015
0.0102989,2.16537e-015
0.0103089,-2.01372e-015
0.0103189,2.15379e-015
0.0103289,-2.01164e-015
0.0103389,2.14301e-015
0.0103489,-2.00923e-015
0.0103589,2.13291e-015
0.0103689,-2.00658e-015
0.0103789,2.12342e-015
0.0103889,-2.00374e-015
0.0103989,2.11446e-015
0.0104089,-2.00077e-015
0.0104189,2.10599e-015
0.0104289,-1.99771e-015
0.0104389,2.09795e-015
0.0104489,-1.99459e-015
0.0104589,2.0903e-015
0.0104689,-1.99144e-015
0.0104789,2.08302e-015
0.0104889,-1.98827e-015
0.0104989,2.07606e-015
0.0105089,-1.98511e-015
0.0105189,2.06941e-015
0.0105272,-1.98134e-015
0.010536,2.06251e-015
0.0105458,-1.9778e-015
0.0105552,2.05632e-015
0.0105652,-1.97461e-015
0.0105752,2.0505e-015
0.0105852,-1.97162e-015
0.0105952,2.04491e-015
0.0106052,-1.96867e-015
0.0106152,2.03952e-015
0.0106252,-1.96575e-015
0.0106352,2.03432e-015
0.0106452,-1.96286e-015
0.0106552,2.0293e-015
0.0106652,-1.96002e-015
0.0106752,2.02446e-015
0.0106852,-1.95722e-015
0.0106952,2.01977e-015
0.0107052,-1.95446e-015
0.0107152,2.01523e-015
0.0107252,-1.95173e-015
0.0107352,2.01083e-015
0.0107452,-1.94906e-015
0.0107552,2.00657e-015
0.0107652,-1.94642e-015
0.0107752,2.00243e-015
0.0107852,-1.94382e-015
0.0107952,1.99841e-015
0.0108052,-1.94127e-015
0.0108152,1.9945e-015
0.0108252,-1.93875e-015
0.0108352,1.99069e-015
0.0108452,-1.93627e-015
0.0108552,1.98699e-015
0.0108652,-1.93383e-015
0.0108752,1.98338e-015
0.0108839,-1.93117e-015
0.010892,1.97941e-015
0.010902,-1.92845e-015
0.0109114,1.97594e-015
0.0109214,-1.92606e-015
0.0109314,1.97262e-015
0.0109414,-1.92381e-015
0.0109514,1.96938e-015
0.0109614,-1.92158e-015
0.0109714,1.96621e-015
0.0109814,-1.91938e-015
0.0109914,1.9631e-015
0.011,-1.91697e-015
0.011,0.25
0.011,0.75
0.011,1.75
0.011,2.5
0.011,2.5
0.011,2.5
0.011,2.5
0.011,2.5
0.011,2.5
0.0110001,2.5
0.0110001,2.5
0.0110002,2.5
0.0110003,2.5
0.0110003,2.5
0.0110005,2.5
0.0110006,2.5
0.0110008,2.5
0.0110012,2.5
0.0110018,2.5
0.0110031,2.5
0.0110053,2.5
0.0110087,2.5
0.01101,2.5
0.01101,2.25
0.01101,1.75
0.01101,0.75
0.01101,9.21061e-011
0.01101,1.13559e-011
0.01101,1.12641e-011
0.0110101,1.10823e-011
0.0110101,1.06993e-011
0.0110101,9.7157e-012
0.0110101,6.91434e-012
0.0110102,4.35338e-012
0.0110102,2.79439e-012
0.0110103,1.42081e-012
0.0110104,6.79497e-013
0.0110105,2.10002e-013
0.0110106,4.13883e-014
0.0110108,-4.46963e-014
0.011011,-4.25689e-014
0.0110114,-3.18771e-014
0.0110119,-9.44417e-015
0.0110127,-9.32292e-016
0.0110136,7.21009e-015
0.0110151,2.29145e-015
0.0110174,5.30384e-015
0.011022,-3.91305e-016
0.0110277,3.43947e-015
0.0110377,-1.43317e-015
0.011047,2.78178e-015
0.011057,-1.73959e-015
0.011067,2.56988e-015
0.011077,-1.86631e-015
0.011087,2.46365e-015
0.011097,-1.93098e-015
0.011107,2.39756e-015
0.011117,-1.96837e-015
0.011127,2.35109e-015
0.011137,-1.99139e-015
0.011147,2.31572e-015
0.011157,-2.00596e-015
0.011167,2.28728e-015
0.011177,-2.01517e-015
0.011187,2.26352e-015
0.011197,-2.02082e-015
0.011207,2.24308e-015
0.011217,-2.024e-015
0.011227,2.22512e-015
0.011237,-2.02543e-015
0.0112469,2.20906e-015
0.0112569,-2.02554e-015
0.0112669,2.19452e-015
0.0112769,-2.02477e-015
0.0112869,2.18122e-015
0.011295,-2.02201e-015
0.0113035,2.16846e-015
0.011313,-2.01896e-015
0.011322,2.1569e-015
0.011332,-2.01627e-015
0.011342,2.1463e-015
0.011352,-2.01387e-015
0.011362,2.13637e-015
0.011372,-2.01124e-015
0.011382,2.12703e-015
0.011392,-2.00843e-015
0.011402,2.11821e-015
0.011412,-2.00549e-015
0.011422,2.10986e-015
0.011432,-2.00247e-015
0.011442,2.10193e-015
0.011452,-1.99938e-015
0.011462,2.09439e-015
0.011472,-1.99626e-015
0.011482,2.0872e-015
0.011492,-1.99312e-015
0.011502,2.08033e-015
0.011512,-1.98999e-015
0.011522,2.07375e-015
0.011532,-1.98686e-015
0.011542,2.06745e-015
0.011552,-1.98376e-015
0.011562,2.0614e-015
0.011572,-1.98068e-015
0.011582,2.0556e-015
0.011592,-1.97763e-015
0.011602,2.05001e-015
0.011612,-1.97462e-015
0.011622,2.04462e-015
0.011632,-1.97166e-015
0.011642,2.03943e-015
0.011652,-1.96873e-015
0.011662,2.03442e-015
0.011672,-1.96585e-015
0.011682,2.02958e-015
0.011692,-1.96301e-015
0.011702,2.0249e-015
0.011712,-1.96021e-015
0.011722,2.02036e-015
0.011732,-1.95746e-015
0.011742,2.01597e-015
0.011752,-1.95476e-015
0.011762,2.01171e-015
0.011772,-1.95209e-015
0.011782,2.00757e-015
0.011792,-1.94948e-015
0.011802,2.00356e-015
0.011812,-1.9469e-015
0.011822,1.99965e-015
0.011832,-1.94436e-015
0.011842,1.99585e-015
0.011852,-1.94187e-015
0.011862,1.99215e-015
0.011872,-1.93941e-015
0.011882,1.98855e-015
0.011892,-1.937e-015
0.011902,1.98503e-015
0.011912,-1.93462e-015
0.011922,1.9816e-015
0.011932,-1.93227e-015
0.011942,1.97825e-015
0.011952,-1.92996e-015
0.011962,1.97498e-015
0.011972,-1.92768e-015
0.011982,1.97178e-015
0.011992,-1.92544e-015
0.012,1.96837e-015
0.012,0.25
0.012,0.75
0.012,1.75
0.012,2.5
0.012,2.5
0.012,2.5
0.012,2.5
0.012,2.5
0.0120001,2.5
0.0120001,2.5
0.0120001,2.5
0.0120002,2.5
0.0120003,2.5
0.0120004,2.5
0.0120005,2.5
0.0120007,2.5
0.0120009,2.5
0.0120013,2.5
0.012002,2.5
0.0120032,2.5
0.0120057,2.5
0.0120089,2.5
0.01201,2.5
0.01201,2.25
0.01201,1.75
0.01201,0.75
0.01201,9.21033e-011
0.01201,1.13532e-011
0.01201,1.12616e-011
0.0120101,1.10801e-011
0.0120101,1.06976e-011
0.0120101,9.71484e-012
0.0120101,6.9145e-012
0.0120102,4.35302e-012
0.0120102,2.794e-012
0.0120103,1.42161e-012
0.0120104,6.7966e-013
0.0120105,2.1008e-013
0.0120106,4.13703e-014
0.0120108,-4.47229e-014
0.012011,-4.25905e-014
0.0120114,-3.1899e-014
0.0120119,-9.44324e-015
0.0120127,-9.31749e-016
0.0120136,7.21622e-015
0.0120151,2.28469e-015
0.0120174,5.30509e-015
0.012022,-3.9788e-016
0.0120274,3.46423e-015
0.0120363,-1.39282e-015
0.0120448,2.82357e-015
0.0120548,-1.72072e-015
0.0120648,2.58944e-015
0.0120748,-1.85929e-015
0.0120848,2.4762e-015
0.0120938,-1.9249e-015
0.0121025,2.41189e-015
0.0121125,-1.96265e-015
0.0121225,2.36207e-015
0.0121325,-1.98848e-015
0.0121425,2.32476e-015
0.0121525,-2.00482e-015
0.0121625,2.29512e-015
0.0121725,-2.01522e-015
0.0121825,2.27056e-015
0.0121925,-2.0217e-015
0.0122025,2.24956e-015
0.0122125,-2.0255e-015
0.0122225,2.2312e-015
0.0122325,-2.02739e-015
0.0122425,2.21484e-015
0.0122525,-2.0279e-015
0.0122625,2.20007e-015
0.0122725,-2.0274e-015
0.0122825,2.1866e-015
0.0122925,-2.02616e-015
0.0123025,2.17419e-015
0.0123125,-2.02435e-015
0.0123225,2.16268e-015
0.0123325,-2.02213e-015
0.0123425,2.15195e-015
0.0123525,-2.0196e-015
0.0123625,2.1419e-015
0.0123725,-2.01683e-015
0.0123825,2.13245e-015
0.0123925,-2.0139e-015
0.0124025,2.12352e-015
0.0124125,-2.01085e-015
0.0124225,2.11507e-015
0.0124325,-2.00772e-015
0.0124425,2.10705e-015
0.0124525,-2.00454e-015
0.0124625,2.09942e-015
0.0124725,-2.00133e-015
0.0124825,2.09215e-015
0.0124925,-1.99811e-015
0.0125025,2.08521e-015
0.0125125,-1.99489e-015
0.0125225,2.07856e-015
0.0125325,-1.9917e-015
0.0125425,2.0722e-015
0.0125525,-1.98853e-015
0.0125625,2.06609e-015
0.0125725,-1.98539e-015
0.0125825,2.06023e-015
0.0125925,-1.98228e-015
0.0126025,2.05459e-015
0.0126125,-1.97922e-015
0.0126225,2.04915e-015
0.0126325,-1.9762e-015
0.0126425,2.04392e-015
0.0126525,-1.97323e-015
0.0126625,2.03887e-015
0.0126725,-1.97031e-015
0.0126825,2.03398e-015
0.0126925,-1.96743e-015
0.0127025,2.02926e-015
0.0127125,-1.96459e-015
0.0127225,2.0247e-015
0.0127325,-1.96181e-015
0.0127425,2.02027e-015
0.0127525,-1.95907e-015
0.0127625,2.01598e-015
